manufacturer,name,year,title,isBase,pp,power,powerRpm,torque,torqueRpm,weight,weightBalanceFront,weightBalanceRear,hasWideBody,swappedEngineModel,gtAutoFront,gtAutoSide,gtAutoRear,gtAutoWing,tyresFront,tyresRear,suspensionType,susBodyHeightFront,susBodyHeightRear,susAntiRollBarFront,susAntiRollBarRear,susDampingCompFront,susDampingCompRear,susDampingExpFront,susDampingExpRear,susNaturalFreqFront,susNaturalFreqRear,susCamberFront,susCamberRear,susToeFront,susToeRear,diffType,diffInitTorqueFront,diffInitTorqueRear,diffAccelSensFront,diffAccelSensRear,diffBrakeSensFront,diffBrakeSensRear,diffTorqueVectoring,diffTorqueFront,diffTorqueRear,aeroDownforceFront,aeroDownforceRear,ecuType,ecuOutput,powerRestrictor,ballastWeight,ballastPosition,transmissionType,transTopSpeedAuto,transFinalGear,transGearRatios,nitro,nitroOutput,turboType,antiLagType,intercoolerType,superchargerType,airCleanerType,silencerType,exhaustManifoldType,brakeSystemType,brakePadsType,handbrakeType,handbrakeTorque,brakeBalanceType,brakeBalance,steeringAngleKit,fourWheelSteeringType,rearSteeringAngle,clutchFlywheelType,propellerShaftType,engineBoreUp,engineStrokeUp,engineBalanceTuning,enginePolishPorts,engineHighLiftCamshaft,engineTitaniumRods,engineRacingCrank,engineHighCompPistons,weightReductionStage,isBodyRigidity
Alpine,VGT,2017,Alpine VGT 2017 tech setup,FALSE,860.45,594,8000,56.6,5000,930,47,53,FALSE,,STANDARD,STANDARD,STANDARD,STANDARD,RM,RM,FULLY_CUSTOMISABLE,65,75,6,4,28,28,38,38,4,4.8,3.5,2,-0.15,0.25,FULLY_CUSTOMISABLE,0,15,0,30,0,45,NONE,0,100,1200,1600,FULLY_CUSTOMISABLE,100,100,0,0,NORMAL,290,,,NONE,0,NONE,OFF,NONE,NONE,NONE,RACING,NONE,RACING_SLOTTED,NORMAL,NORMAL,0,CONTROLLER,0,NORMAL,NONE,0,NORMAL,NONE,NONE,NONE,NONE,NONE,NONE,NONE,NONE,NONE,0,FALSE
Audi,R18,2016,Audi R18 2016 tech setup,FALSE,864.22,506,4600,86.8,3000,875,49,51,FALSE,,STANDARD,STANDARD,STANDARD,STANDARD,RM,RM,FULLY_CUSTOMISABLE,60,65,5,4,30,30,40,40,4.2,4.4,3,1.5,-0.1,0.2,FULLY_CUSTOMISABLE,5,5,5,35,5,15,NORMAL,0,0,1200,1600,FULLY_CUSTOMISABLE,100,100,0,0,NORMAL,290,,,NONE,0,NORMAL,OFF,NORMAL,NONE,NONE,RACING,NONE,RACING_SLOTTED,NORMAL,NORMAL,0,CONTROLLER,0,NORMAL,NONE,0,NORMAL,NONE,NONE,NONE,NONE,NONE,NONE,NONE,NONE,NONE,0,FALSE
Audi,R18 TDI,2011,Audi R18 TDI 2011 tech setup,FALSE,863.86,532,4800,91.8,3500,900,46,54,FALSE,,STANDARD,STANDARD,STANDARD,STANDARD,RM,RM,FULLY_CUSTOMISABLE,60,60,3,7,28,28,38,38,3.9,4.3,3.2,1.6,-0.1,0.15,FULLY_CUSTOMISABLE,0,10,0,20,0,35,NONE,0,100,1200,1600,FULLY_CUSTOMISABLE,100,100,0,0,NORMAL,290,,,NONE,0,NORMAL,OFF,NORMAL,NONE,NONE,RACING,NONE,RACING_SLOTTED,NORMAL,NORMAL,0,CONTROLLER,0,NORMAL,NONE,0,NORMAL,NONE,NONE,NONE,NONE,NONE,NONE,NONE,NONE,NONE,0,FALSE
Audi,VGT,2018,Audi VGT 2018 tech setup,FALSE,868.99,735,7500,71.4,5000,1250,44,56,FALSE,,STANDARD,STANDARD,STANDARD,STANDARD,RM,RM,FULLY_CUSTOMISABLE,65,75,4,7,28,28,38,38,4.2,4.6,3.5,2,-0.15,0.2,FULLY_CUSTOMISABLE,5,10,15,35,5,20,NORMAL,0,0,1200,1600,FULLY_CUSTOMISABLE,100,100,0,0,NORMAL,290,,,NONE,0,NORMAL,OFF,NORMAL,NONE,NONE,RACING,NONE,RACING_SLOTTED,NORMAL,NORMAL,0,CONTROLLER,0,NORMAL,NONE,0,NORMAL,NONE,NONE,NONE,NONE,NONE,NONE,NONE,NONE,NONE,0,FALSE
Bugatti,VGT,2015,Bugatti VGT 2015 tech setup,FALSE,876.09,641,6500,73.7,3500,980,43,57,FALSE,,STANDARD,STANDARD,STANDARD,STANDARD,RM,RM,FULLY_CUSTOMISABLE,60,60,5,8,30,30,40,40,4.2,4.6,3,1.5,-0.1,0.15,FULLY_CUSTOMISABLE,5,5,5,35,5,15,NORMAL,30,70,1200,1600,FULLY_CUSTOMISABLE,100,100,0,0,NORMAL,290,,,NONE,0,NORMAL,OFF,NORMAL,NONE,NONE,RACING,NONE,RACING_SLOTTED,NORMAL,NORMAL,0,CONTROLLER,0,NORMAL,NONE,0,NORMAL,NONE,NONE,NONE,NONE,NONE,NONE,NONE,NONE,NONE,0,FALSE
Dodge,SRT Tomahawk VGT (Gr.1),2015,Dodge SRT Tomahawk VGT (Gr.1) 2015 tech setup,FALSE,887.62,693,9200,60.7,7500,950,45,55,FALSE,,STANDARD,STANDARD,STANDARD,STANDARD,RM,RM,FULLY_CUSTOMISABLE,60,65,5,4,30,30,40,40,4.2,4.4,3,1.5,-0.1,0.2,FULLY_CUSTOMISABLE,0,10,0,20,0,35,NONE,0,100,1200,1600,FULLY_CUSTOMISABLE,100,100,0,0,NORMAL,290,,,NONE,0,NONE,OFF,NONE,NONE,NONE,RACING,NONE,RACING_SLOTTED,NORMAL,NORMAL,0,CONTROLLER,0,NORMAL,NONE,0,NORMAL,NONE,NONE,NONE,NONE,NONE,NONE,NONE,NONE,NONE,0,FALSE
Genesis,Genesis X Gran Racer VGT Concept,2024,Genesis Genesis X Gran Racer VGT Concept 2024 tech setup,FALSE,885.87,869,8000,109.2,5500,1089,52,48,FALSE,,STANDARD,STANDARD,STANDARD,STANDARD,RM,RM,FULLY_CUSTOMISABLE,85,95,3,8,28,28,38,38,4.5,4.2,3.5,2,-0.15,0.15,FULLY_CUSTOMISABLE,5,10,10,40,5,25,NORMAL,0,0,800,1200,FULLY_CUSTOMISABLE,100,100,0,0,NORMAL,280,3.58,,NONE,0,NORMAL,OFF,NORMAL,NORMAL,NONE,RACING,NONE,RACING_SLOTTED,NORMAL,NORMAL,0,CONTROLLER,0,NORMAL,NONE,0,NORMAL,NONE,NONE,NONE,NONE,NONE,NONE,NONE,NONE,NONE,0,FALSE
Hyundai,N 2025 VGT,2025,Hyundai N 2025 VGT 2025 tech setup,FALSE,886.92,640,9000,61.4,7000,972,45,55,FALSE,,STANDARD,STANDARD,STANDARD,STANDARD,RM,RM,FULLY_CUSTOMISABLE,60,60,5,8,30,30,40,40,4.2,4.6,3,1.5,-0.1,0.15,FULLY_CUSTOMISABLE,5,5,5,35,5,15,NORMAL,45,55,1200,1600,FULLY_CUSTOMISABLE,100,100,0,0,NORMAL,290,,,NONE,0,NONE,OFF,NONE,NONE,NONE,RACING,NONE,RACING_SLOTTED,NORMAL,NORMAL,0,CONTROLLER,0,NORMAL,NONE,0,NORMAL,NONE,NONE,NONE,NONE,NONE,NONE,NONE,NONE,NONE,0,FALSE
Jaguar,XJR-9,1988,Jaguar XJR-9 1988 tech setup,FALSE,862.26,749,7200,79.6,5500,894,41,59,FALSE,,STANDARD,STANDARD,STANDARD,STANDARD,RM,RM,FULLY_CUSTOMISABLE,60,65,5,4,30,30,40,40,4.2,4.4,3,1.5,-0.1,0.2,FULLY_CUSTOMISABLE,0,10,0,20,0,35,NONE,0,100,1200,1600,FULLY_CUSTOMISABLE,100,100,0,0,NORMAL,290,3.5,,NONE,0,NONE,OFF,NONE,NONE,NONE,RACING,NONE,RACING_SLOTTED,NORMAL,NORMAL,0,CONTROLLER,0,NORMAL,NONE,0,NORMAL,NONE,NONE,NONE,NONE,NONE,NONE,NONE,NONE,NONE,0,FALSE
Mazda,LM55 VGT (Gr.1),2014,Mazda LM55 VGT (Gr.1) 2014 tech setup,FALSE,880.58,641,8500,57.6,6500,880,49,51,FALSE,,STANDARD,STANDARD,STANDARD,STANDARD,RM,RM,FULLY_CUSTOMISABLE,60,60,4,8,30,30,40,40,4,4.4,3,1.5,-0.1,0.15,FULLY_CUSTOMISABLE,5,5,5,35,5,15,NORMAL,35,65,1200,1600,FULLY_CUSTOMISABLE,100,100,0,0,NORMAL,290,,,NONE,0,NONE,OFF,NONE,NONE,NONE,RACING,NONE,RACING_SLOTTED,NORMAL,NORMAL,0,CONTROLLER,0,NORMAL,NONE,0,NORMAL,NONE,NONE,NONE,NONE,NONE,NONE,NONE,NONE,NONE,0,FALSE
Mazda,787B,1991,Mazda 787B 1991 tech setup,FALSE,839.74,690,9100,62,6500,830,45,55,FALSE,,STANDARD,STANDARD,STANDARD,STANDARD,RM,RM,FULLY_CUSTOMISABLE,60,65,5,4,30,30,40,40,4.2,4.4,3,1.5,-0.1,0.2,FULLY_CUSTOMISABLE,0,10,0,20,0,35,NONE,0,100,1200,1600,FULLY_CUSTOMISABLE,100,100,0,0,NORMAL,290,,,NONE,0,NONE,OFF,NONE,NONE,NONE,RACING,NONE,RACING_SLOTTED,NORMAL,NORMAL,0,CONTROLLER,0,NORMAL,NONE,0,NORMAL,NONE,NONE,NONE,NONE,NONE,NONE,NONE,NONE,NONE,0,FALSE
McLaren,Ultimate VGT (Gr.1),2017,McLaren Ultimate VGT (Gr.1) 2017 tech setup,FALSE,876,813,8000,67.5,5000,900,42,58,FALSE,,STANDARD,STANDARD,STANDARD,STANDARD,RM,RM,FULLY_CUSTOMISABLE,60,65,5,4,30,30,40,40,4.2,4.4,3,1.5,-0.1,0.2,FULLY_CUSTOMISABLE,0,10,0,20,0,35,NONE,0,100,1200,1600,FULLY_CUSTOMISABLE,100,100,0,0,NORMAL,290,,,NONE,0,NORMAL,OFF,NORMAL,NONE,NONE,RACING,NONE,RACING_SLOTTED,NORMAL,NORMAL,0,CONTROLLER,0,NORMAL,NONE,0,NORMAL,NONE,NONE,NONE,NONE,NONE,NONE,NONE,NONE,NONE,0,FALSE
Mercedes-Benz,Sauber Mercedes C9,1989,Mercedes-Benz Sauber Mercedes C9 1989 tech setup,FALSE,852.41,710,7000,82.6,3500,893,44,56,FALSE,,STANDARD,STANDARD,STANDARD,STANDARD,RM,RM,FULLY_CUSTOMISABLE,60,65,5,4,30,30,40,40,4.2,4.4,3,1.5,-0.1,0.2,FULLY_CUSTOMISABLE,0,10,0,20,0,35,NONE,0,100,1200,1600,FULLY_CUSTOMISABLE,100,100,0,0,NORMAL,290,,,NONE,0,NORMAL,OFF,NORMAL,NONE,NONE,RACING,NONE,RACING_SLOTTED,NORMAL,NORMAL,0,CONTROLLER,0,NORMAL,NONE,0,NORMAL,NONE,NONE,NONE,NONE,NONE,NONE,NONE,NONE,NONE,0,FALSE
Nissan,GT-R LM NISMO,2015,Nissan GT-R LM NISMO 2015 tech setup,FALSE,876.71,604,5400,95.5,4500,880,65,35,FALSE,,STANDARD,STANDARD,STANDARD,STANDARD,RM,RM,FULLY_CUSTOMISABLE,65,70,3,8,28,28,38,38,4.6,4.1,3.8,1.8,-0.15,0.2,FULLY_CUSTOMISABLE,5,15,10,45,5,40,NORMAL,0,0,1000,1200,FULLY_CUSTOMISABLE,100,100,0,0,NORMAL,290,,,NONE,0,NORMAL,OFF,NORMAL,NONE,NONE,RACING,NONE,RACING_SLOTTED,NORMAL,NORMAL,0,CONTROLLER,0,NORMAL,NONE,0,NORMAL,NONE,NONE,NONE,NONE,NONE,NONE,NONE,NONE,NONE,0,FALSE
Nissan,R92CP,1992,Nissan R92CP 1992 tech setup,FALSE,847.32,788,7600,80,5500,900,45,55,FALSE,,STANDARD,STANDARD,STANDARD,STANDARD,RM,RM,FULLY_CUSTOMISABLE,60,65,5,4,30,30,40,40,4.2,4.4,3,1.5,-0.1,0.2,FULLY_CUSTOMISABLE,0,10,0,20,0,35,NONE,0,100,1200,1600,FULLY_CUSTOMISABLE,100,100,0,0,NORMAL,290,3.5,,NONE,0,NORMAL,OFF,NORMAL,NONE,NONE,RACING,NONE,RACING_SLOTTED,NORMAL,NORMAL,0,CONTROLLER,0,NORMAL,NONE,0,NORMAL,NONE,NONE,NONE,NONE,NONE,NONE,NONE,NONE,NONE,0,FALSE
Peugeot,L750R Hybrid VGT,2017,Peugeot L750R Hybrid VGT 2017 tech setup,FALSE,876.88,693,6000,89.5,2500,825,50,50,FALSE,,STANDARD,STANDARD,STANDARD,STANDARD,RM,RM,FULLY_CUSTOMISABLE,60,60,3,7,28,28,38,38,3.8,4.2,3,1.5,-0.1,0.15,FULLY_CUSTOMISABLE,5,5,5,35,5,15,NORMAL,0,0,1200,1600,FULLY_CUSTOMISABLE,100,100,0,0,NORMAL,290,,,NONE,0,NORMAL,OFF,NORMAL,NONE,NONE,RACING,NONE,RACING_SLOTTED,NORMAL,NORMAL,0,CONTROLLER,0,NORMAL,NONE,0,NORMAL,NONE,NONE,NONE,NONE,NONE,NONE,NONE,NONE,NONE,0,FALSE
Peugeot,908 HDi FAP - Team Peugeot Total,2010,Peugeot 908 HDi FAP - Team Peugeot Total 2010 tech setup,FALSE,887.54,700,6000,122.4,3500,930,45,55,FALSE,,STANDARD,STANDARD,STANDARD,STANDARD,RM,RM,FULLY_CUSTOMISABLE,60,65,5,4,30,30,40,40,4.2,4.4,3,1.5,-0.1,0.2,FULLY_CUSTOMISABLE,0,10,0,20,0,35,NONE,0,100,1200,1600,FULLY_CUSTOMISABLE,100,100,0,0,NORMAL,290,,,NONE,0,NORMAL,OFF,NORMAL,NONE,NONE,RACING,NONE,RACING_SLOTTED,NORMAL,NORMAL,0,CONTROLLER,0,NORMAL,NONE,0,NORMAL,NONE,NONE,NONE,NONE,NONE,NONE,NONE,NONE,NONE,0,FALSE
Porsche,919 Hybrid,2016,Porsche 919 Hybrid 2016 tech setup,FALSE,871.17,499,7500,52.8,4000,875,48,52,FALSE,,STANDARD,STANDARD,STANDARD,STANDARD,RM,RM,FULLY_CUSTOMISABLE,60,60,4,8,30,30,40,40,4,4.4,3,1.5,-0.1,0.15,FULLY_CUSTOMISABLE,5,5,5,35,5,15,NORMAL,0,0,1200,1600,FULLY_CUSTOMISABLE,100,100,0,0,NORMAL,290,,,NONE,0,NORMAL,OFF,NORMAL,NONE,NONE,RACING,NONE,RACING_SLOTTED,NORMAL,NORMAL,0,CONTROLLER,0,NORMAL,NONE,0,NORMAL,NONE,NONE,NONE,NONE,NONE,NONE,NONE,NONE,NONE,0,FALSE
Porsche,962 C,1988,Porsche 962 C 1988 tech setup,FALSE,845.47,690,8000,72.4,5000,850,41,59,FALSE,,STANDARD,STANDARD,STANDARD,STANDARD,RM,RM,FULLY_CUSTOMISABLE,60,65,5,4,30,30,40,40,4.2,4.4,3,1.5,-0.1,0.2,FULLY_CUSTOMISABLE,0,10,0,20,0,35,NONE,0,100,1200,1600,FULLY_CUSTOMISABLE,100,100,0,0,NORMAL,290,,,NONE,0,NORMAL,OFF,NORMAL,NONE,NONE,RACING,NONE,RACING_SLOTTED,NORMAL,NORMAL,0,CONTROLLER,0,NORMAL,NONE,0,NORMAL,NONE,NONE,NONE,NONE,NONE,NONE,NONE,NONE,NONE,0,FALSE
Toyota,GR010 Hybrid,2021,Toyota GR010 Hybrid 2021 tech setup,FALSE,861.25,670,7800,68.4,6600,1040,50,50,FALSE,,STANDARD,STANDARD,STANDARD,STANDARD,RM,RM,FULLY_CUSTOMISABLE,60,60,5,8,30,30,40,40,4.2,4.6,3,1.5,-0.1,0.15,FULLY_CUSTOMISABLE,5,5,5,35,5,15,NORMAL,0,0,1200,1600,FULLY_CUSTOMISABLE,100,100,0,0,NORMAL,290,,,NONE,0,NORMAL,OFF,NORMAL,NONE,NONE,RACING,NONE,RACING_SLOTTED,NORMAL,NORMAL,0,CONTROLLER,0,NORMAL,NONE,0,NORMAL,NONE,NONE,NONE,NONE,NONE,NONE,NONE,NONE,NONE,0,FALSE
Toyota,TS050 - Hybrid,2016,Toyota TS050 - Hybrid 2016 tech setup,FALSE,865.39,493,7500,51.4,4000,875,48,52,FALSE,,STANDARD,STANDARD,STANDARD,STANDARD,RM,RM,FULLY_CUSTOMISABLE,60,60,4,8,30,30,40,40,4,4.4,3,1.5,-0.1,0.15,FULLY_CUSTOMISABLE,5,5,5,35,5,15,NORMAL,0,0,1200,1600,FULLY_CUSTOMISABLE,100,100,0,0,NORMAL,290,3.05,,NONE,0,NORMAL,OFF,NORMAL,NONE,NONE,RACING,NONE,RACING_SLOTTED,NORMAL,NORMAL,0,CONTROLLER,0,NORMAL,NONE,0,NORMAL,NONE,NONE,NONE,NONE,NONE,NONE,NONE,NONE,NONE,0,FALSE
Toyota,TS030 - Hybrid,2012,Toyota TS030 - Hybrid 2012 tech setup,FALSE,877.92,529,10000,42.3,6000,900,47,53,FALSE,,STANDARD,STANDARD,STANDARD,STANDARD,RM,RM,FULLY_CUSTOMISABLE,60,65,5,4,30,30,40,40,4.2,4.4,3,1.5,-0.1,0.2,FULLY_CUSTOMISABLE,0,10,0,20,0,35,NONE,0,100,1200,1600,FULLY_CUSTOMISABLE,100,100,0,0,NORMAL,290,,,NONE,0,NONE,OFF,NONE,NONE,NONE,RACING,NONE,RACING_SLOTTED,NORMAL,NORMAL,0,CONTROLLER,0,NORMAL,NONE,0,NORMAL,NONE,NONE,NONE,NONE,NONE,NONE,NONE,NONE,NONE,0,FALSE
BMW,M Hybrid V8,2025,BMW M Hybrid V8 2025 tech setup,FALSE,853.52,641,7800,62.9,6600,1030,47,53,FALSE,,STANDARD,STANDARD,STANDARD,STANDARD,RM,RM,FULLY_CUSTOMISABLE,60,70,5,4,30,30,40,40,4.2,4.4,3.2,2,-0.1,0.2,FULLY_CUSTOMISABLE,0,12,0,25,0,35,NONE,0,100,1000,1500,FULLY_CUSTOMISABLE,100,100,0,0,NORMAL,300,3.214,,NONE,0,NORMAL,OFF,NORMAL,NONE,NONE,RACING,NONE,RACING_SLOTTED,NORMAL,NORMAL,0,CONTROLLER,0,NORMAL,NONE,0,NORMAL,NONE,NONE,NONE,NONE,NONE,NONE,NONE,NONE,NONE,0,FALSE
Peugeot,9X8,2025,Peugeot 9X8 2025 tech setup,FALSE,855.34,670,8200,68.6,6600,1030,49,51,FALSE,,STANDARD,STANDARD,STANDARD,STANDARD,RM,RM,FULLY_CUSTOMISABLE,60,70,5,4,30,30,40,40,4.2,4.4,3.2,2,-0.1,0.2,FULLY_CUSTOMISABLE,10,12,15,25,15,35,NORMAL,0,0,1000,1500,FULLY_CUSTOMISABLE,100,100,0,0,NORMAL,300,3.05,,NONE,0,NORMAL,OFF,NORMAL,NONE,NONE,RACING,NONE,RACING_SLOTTED,NORMAL,NORMAL,0,CONTROLLER,0,NORMAL,NONE,0,NORMAL,NONE,NONE,NONE,NONE,NONE,NONE,NONE,NONE,NONE,0,FALSE
Porsche,963,2024,Porsche 963 2024 tech setup,FALSE,864.68,670,8200,68.5,6200,1030,47,53,FALSE,,STANDARD,STANDARD,STANDARD,STANDARD,RM,RM,FULLY_CUSTOMISABLE,60,70,5,4,30,30,40,40,4.2,4.4,3.2,2,-0.1,0.2,FULLY_CUSTOMISABLE,0,12,0,25,0,35,NONE,0,100,1000,1500,FULLY_CUSTOMISABLE,100,100,0,0,NORMAL,300,3.214,,NONE,0,NORMAL,OFF,NORMAL,NONE,NONE,RACING,NONE,RACING_SLOTTED,NORMAL,NORMAL,0,CONTROLLER,0,NORMAL,NONE,0,NORMAL,NONE,NONE,NONE,NONE,NONE,NONE,NONE,NONE,NONE,0,FALSE
Ferrari,499P,2023,Ferrari 499P 2023 tech setup,FALSE,861.24,670,7400,8035,5500,1030,48,52,FALSE,,STANDARD,STANDARD,STANDARD,STANDARD,RM,RM,FULLY_CUSTOMISABLE,60,70,5,4,30,30,40,40,4.2,4.4,3.2,2,-0.1,0.2,FULLY_CUSTOMISABLE,10,12,15,25,15,35,NORMAL,0,0,1000,1500,FULLY_CUSTOMISABLE,100,100,0,0,NORMAL,300,3.31,,NONE,0,NORMAL,OFF,NORMAL,NONE,NONE,RACING,NONE,RACING_SLOTTED,NORMAL,NORMAL,0,CONTROLLER,0,NORMAL,NONE,0,NORMAL,NONE,NONE,NONE,NONE,NONE,NONE,NONE,NONE,NONE,0,FALSE
Audi,RS 5 Turbo DTM,2019,Audi RS 5 Turbo DTM 2019 tech setup,FALSE,855.93,603,9000,66.3,4000,986,51,49,FALSE,,STANDARD,STANDARD,STANDARD,STANDARD,RM,RM,FULLY_CUSTOMISABLE,45,55,4,7,30,30,40,40,4.5,4.2,3.5,2,-0.15,0.1,FULLY_CUSTOMISABLE,0,10,0,30,0,20,NONE,0,100,750,1000,FULLY_CUSTOMISABLE,100,100,0,0,NORMAL,270,,,NONE,0,NORMAL,OFF,NORMAL,NONE,NONE,RACING,NONE,RACING_SLOTTED,NORMAL,NORMAL,0,CONTROLLER,0,NORMAL,NONE,0,NORMAL,NONE,NONE,NONE,NONE,NONE,NONE,NONE,NONE,NONE,0,FALSE
BMW,McLaren F1 GTR Race Car,1997,BMW McLaren F1 GTR Race Car 1997 tech setup,FALSE,786.75,602,6500,72.5,5000,950,46,54,FALSE,,STANDARD,STANDARD,STANDARD,STANDARD,RM,RM,FULLY_CUSTOMISABLE,45,55,6,4,30,30,40,40,4.1,4.3,3.5,2,-0.1,0.2,FULLY_CUSTOMISABLE,0,12,0,25,0,35,NONE,0,100,750,1000,FULLY_CUSTOMISABLE,100,100,0,0,NORMAL,270,,,NONE,0,NONE,OFF,NONE,NONE,NONE,RACING,NONE,RACING_SLOTTED,NORMAL,NORMAL,0,CONTROLLER,0,NORMAL,NONE,0,NORMAL,NONE,NONE,NONE,NONE,NONE,NONE,NONE,NONE,NONE,0,FALSE
Honda,NSX Concept-GT,2016,Honda NSX Concept-GT 2016 tech setup,FALSE,867.13,603,8500,62.5,5000,1049,48,52,FALSE,,STANDARD,STANDARD,STANDARD,STANDARD,RM,RM,FULLY_CUSTOMISABLE,45,55,6,4,30,30,40,40,4.2,4.4,3.5,2,-0.1,0.2,FULLY_CUSTOMISABLE,0,12,0,25,0,35,NONE,0,100,750,1000,FULLY_CUSTOMISABLE,100,100,0,0,NORMAL,270,4.43,,NONE,0,NORMAL,OFF,NORMAL,NONE,NONE,RACING,NONE,RACING_SLOTTED,NORMAL,NORMAL,0,CONTROLLER,0,NORMAL,NONE,0,NORMAL,NONE,NONE,NONE,NONE,NONE,NONE,NONE,NONE,NONE,0,FALSE
Honda,NSX GT500,2008,Honda NSX GT500 2008 tech setup,FALSE,809.29,518,7500,60,5500,1150,46,54,FALSE,,STANDARD,STANDARD,STANDARD,STANDARD,RM,RM,FULLY_CUSTOMISABLE,45,55,6,4,30,30,40,40,4.2,4.4,3.5,2,-0.1,0.2,FULLY_CUSTOMISABLE,0,12,0,25,0,35,NONE,0,100,750,1000,FULLY_CUSTOMISABLE,100,100,0,0,NORMAL,270,,,NONE,0,NONE,OFF,NONE,NONE,NONE,RACING,NONE,RACING_SLOTTED,NORMAL,NORMAL,0,CONTROLLER,0,NORMAL,NONE,0,NORMAL,NONE,NONE,NONE,NONE,NONE,NONE,NONE,NONE,NONE,0,FALSE
Lexus,RC F GT500,2016,Lexus RC F GT500 2016 tech setup,FALSE,864.44,614,8000,60,4000,1020,51,49,FALSE,,STANDARD,STANDARD,STANDARD,STANDARD,RM,RM,FULLY_CUSTOMISABLE,45,55,4,7,30,30,40,40,4.6,4.3,3.5,2,-0.15,0.1,FULLY_CUSTOMISABLE,0,10,0,30,0,20,NONE,0,100,750,1000,FULLY_CUSTOMISABLE,100,100,0,0,NORMAL,270,4.43,,NONE,0,NORMAL,OFF,NORMAL,NONE,NONE,RACING,NONE,RACING_SLOTTED,NORMAL,NORMAL,0,CONTROLLER,0,NORMAL,NONE,0,NORMAL,NONE,NONE,NONE,NONE,NONE,NONE,NONE,NONE,NONE,0,FALSE
Lexus,SC430 GT500,2008,Lexus SC430 GT500 2008 tech setup,FALSE,807.39,516,7000,59.6,5500,1100,50,50,FALSE,,STANDARD,STANDARD,STANDARD,STANDARD,RM,RM,FULLY_CUSTOMISABLE,45,55,4,7,30,30,40,40,4.5,4.2,3.5,2,-0.15,0.1,FULLY_CUSTOMISABLE,0,10,0,30,0,20,NONE,0,100,750,1000,FULLY_CUSTOMISABLE,100,100,0,0,NORMAL,270,,,NONE,0,NONE,OFF,NONE,NONE,NONE,RACING,NONE,RACING_SLOTTED,NORMAL,NORMAL,0,CONTROLLER,0,NORMAL,NONE,0,NORMAL,NONE,NONE,NONE,NONE,NONE,NONE,NONE,NONE,NONE,0,FALSE
Mercedes-Benz,CLK-LM,1998,Mercedes-Benz CLK-LM 1998 tech setup,FALSE,795.73,599,8500,55,7000,940,49,51,FALSE,,STANDARD,STANDARD,STANDARD,STANDARD,RM,RM,FULLY_CUSTOMISABLE,45,55,6,4,30,30,40,40,4.2,4.4,3.5,2,-0.1,0.2,FULLY_CUSTOMISABLE,0,12,0,25,0,35,NONE,0,100,750,1000,FULLY_CUSTOMISABLE,100,100,0,0,NORMAL,270,,,NONE,0,NONE,OFF,NONE,NONE,NONE,RACING,NONE,RACING_SLOTTED,NORMAL,NORMAL,0,CONTROLLER,0,NORMAL,NONE,0,NORMAL,NONE,NONE,NONE,NONE,NONE,NONE,NONE,NONE,NONE,0,FALSE
Nissan,GT-R GT500,2008,Nissan GT-R GT500 2008 tech setup,FALSE,810.34,527,7000,56.1,4500,1100,50,50,FALSE,,STANDARD,STANDARD,STANDARD,STANDARD,RM,RM,FULLY_CUSTOMISABLE,45,55,4,7,30,30,40,40,4.5,4.2,3.5,2,-0.15,0.1,FULLY_CUSTOMISABLE,0,10,0,30,0,20,NONE,0,100,750,1000,FULLY_CUSTOMISABLE,100,100,0,0,NORMAL,270,,,NONE,0,NONE,OFF,NONE,NONE,NONE,RACING,NONE,RACING_SLOTTED,NORMAL,NORMAL,0,CONTROLLER,0,NORMAL,NONE,0,NORMAL,NONE,NONE,NONE,NONE,NONE,NONE,NONE,NONE,NONE,0,FALSE
Nissan,GT-R NISMO GT500,2016,Nissan GT-R NISMO GT500 2016 tech setup,FALSE,864.44,612,8100,60,4500,1020,50,50,FALSE,,STANDARD,STANDARD,STANDARD,STANDARD,RM,RM,FULLY_CUSTOMISABLE,45,55,4,7,30,30,40,40,4.6,4.3,3.5,2,-0.15,0.1,FULLY_CUSTOMISABLE,0,10,0,30,0,20,NONE,0,100,750,1000,FULLY_CUSTOMISABLE,100,100,0,0,NORMAL,270,4.43,,NONE,0,NORMAL,OFF,NORMAL,NONE,NONE,RACING,NONE,RACING_SLOTTED,NORMAL,NORMAL,0,CONTROLLER,0,NORMAL,NONE,0,NORMAL,NONE,NONE,NONE,NONE,NONE,NONE,NONE,NONE,NONE,0,FALSE
Toyota,GT-One (TS020),1999,Toyota GT-One (TS020) 1999 tech setup,FALSE,834.73,764,7500,83.7,6000,900,49,51,FALSE,,STANDARD,STANDARD,STANDARD,STANDARD,RM,RM,FULLY_CUSTOMISABLE,45,55,6,4,30,30,40,40,4.2,4.4,3.5,2,-0.1,0.2,FULLY_CUSTOMISABLE,0,12,0,25,0,35,NONE,0,100,750,1000,FULLY_CUSTOMISABLE,100,100,0,0,NORMAL,270,,,NONE,0,NORMAL,OFF,NORMAL,NONE,NONE,RACING,NONE,RACING_SLOTTED,NORMAL,NORMAL,0,CONTROLLER,0,NORMAL,NONE,0,NORMAL,NONE,NONE,NONE,NONE,NONE,NONE,NONE,NONE,NONE,0,FALSE
Alfa Romeo,4C Gr.3,2014,Alfa Romeo 4C Gr.3 2014 technical tracks,FALSE,713.68,528,8000,53.9,5500,1220,44,56,FALSE,,STANDARD,STANDARD,STANDARD,STANDARD,RH,RH,FULLY_CUSTOMISABLE,55,65,7,5,25,25,35,35,3.1,3.8,3,1.5,-0.15,0.2,FULLY_CUSTOMISABLE,0,10,0,25,0,20,NONE,0,100,450,680,FULLY_CUSTOMISABLE,100,100,0,0,FULLY_CUSTOMISABLE_RACING,260,3.918,,NONE,0,NORMAL,OFF,NORMAL,NONE,NONE,RACING,NONE,RACING_SLOTTED,NORMAL,NORMAL,0,CONTROLLER,0,NORMAL,NONE,0,NORMAL,NONE,NONE,NONE,NONE,NONE,NONE,NONE,NONE,NONE,0,FALSE
AMG,SLS AMG GT3,2011,AMG SLS AMG GT3 2011 technical tracks,FALSE,721.39,614,6700,73.4,4500,1350,48,52,FALSE,,STANDARD,STANDARD,STANDARD,STANDARD,RH,RH,FULLY_CUSTOMISABLE,55,60,6,6,25,25,35,35,3.7,3.6,3,2,-0.1,0.15,FULLY_CUSTOMISABLE,0,15,0,35,0,20,NONE,0,100,420,650,FULLY_CUSTOMISABLE,100,100,0,0,FULLY_CUSTOMISABLE_RACING,290,0,,NONE,0,NONE,OFF,NONE,NONE,NONE,RACING,NONE,RACING_SLOTTED,NORMAL,NORMAL,0,CONTROLLER,0,NORMAL,NONE,0,NORMAL,NONE,NONE,NONE,NONE,NONE,NONE,NONE,NONE,NONE,0,FALSE
AMG,GT3,2016,AMG GT3 2016 technical tracks,FALSE,739.15,614,6700,73.4,4500,1325,49,51,FALSE,,STANDARD,STANDARD,STANDARD,STANDARD,RH,RH,FULLY_CUSTOMISABLE,55,60,6,6,25,25,35,35,3.6,3.5,3,2,-0.1,0.15,FULLY_CUSTOMISABLE,0,15,0,35,0,20,NONE,0,100,420,650,FULLY_CUSTOMISABLE,100,100,0,0,FULLY_CUSTOMISABLE_RACING,290,0,,NONE,0,NONE,OFF,NONE,NONE,NONE,RACING,NONE,RACING_SLOTTED,NORMAL,NORMAL,0,CONTROLLER,0,NORMAL,NONE,0,NORMAL,NONE,NONE,NONE,NONE,NONE,NONE,NONE,NONE,NONE,0,FALSE
AMG,GT3,2020,AMG GT3 2020 technical tracks,FALSE,745.37,614,6700,73.4,4500,1285,49,51,FALSE,,STANDARD,STANDARD,STANDARD,STANDARD,RH,RH,FULLY_CUSTOMISABLE,55,60,6,6,25,25,35,35,3.6,3.5,3,2,-0.1,0.15,FULLY_CUSTOMISABLE,0,15,0,35,0,20,NONE,0,100,420,650,FULLY_CUSTOMISABLE,100,100,0,0,FULLY_CUSTOMISABLE_RACING,290,0,,NONE,0,NONE,OFF,NONE,NONE,NONE,RACING,NONE,RACING_SLOTTED,NORMAL,NORMAL,0,CONTROLLER,0,NORMAL,NONE,0,NORMAL,NONE,NONE,NONE,NONE,NONE,NONE,NONE,NONE,NONE,0,FALSE
Aston Martin,V12 Vantage GT3,2012,Aston Martin V12 Vantage GT3 2012 technical tracks,FALSE,715.21,591,6500,70,5500,1250,51,49,FALSE,,STANDARD,STANDARD,STANDARD,STANDARD,RH,RH,FULLY_CUSTOMISABLE,55,60,5,7,25,25,35,35,3.6,3.4,3,2,-0.1,0.15,FULLY_CUSTOMISABLE,0,15,0,35,0,20,NONE,0,100,420,650,FULLY_CUSTOMISABLE,100,100,0,0,FULLY_CUSTOMISABLE_RACING,290,0,,NONE,0,NONE,OFF,NONE,NONE,NONE,RACING,NONE,RACING_SLOTTED,NORMAL,NORMAL,0,CONTROLLER,0,NORMAL,NONE,0,NORMAL,NONE,NONE,NONE,NONE,NONE,NONE,NONE,NONE,NONE,0,FALSE
Aston Martin,DBR9 GT1,2010,Aston Martin DBR9 GT1 2010 technical tracks,FALSE,720.71,599,6500,67.8,5500,1100,51,49,FALSE,,STANDARD,STANDARD,STANDARD,STANDARD,RH,RH,FULLY_CUSTOMISABLE,55,60,5,7,25,25,35,35,3.5,3.3,3,2,-0.1,0.15,FULLY_CUSTOMISABLE,0,15,0,35,0,20,NONE,0,100,420,650,FULLY_CUSTOMISABLE,100,100,0,0,FULLY_CUSTOMISABLE_RACING,290,0,,NONE,0,NONE,OFF,NONE,NONE,NONE,RACING,NONE,RACING_SLOTTED,NORMAL,NORMAL,0,CONTROLLER,0,NORMAL,NONE,0,NORMAL,NONE,NONE,NONE,NONE,NONE,NONE,NONE,NONE,NONE,0,FALSE
Audi,R8 LMS Evo,2019,Audi R8 LMS Evo 2019 technical tracks,FALSE,739.68,576,7500,58.5,6500,1235,42,58,FALSE,,STANDARD,STANDARD,STANDARD,STANDARD,RH,RH,FULLY_CUSTOMISABLE,55,65,7,5,25,25,35,35,3.2,4,3,1.5,-0.15,0.2,FULLY_CUSTOMISABLE,0,10,0,25,0,20,NONE,0,100,450,680,FULLY_CUSTOMISABLE,100,100,0,0,FULLY_CUSTOMISABLE_RACING,280,0,,NONE,0,NONE,OFF,NONE,NONE,NONE,RACING,NONE,RACING_SLOTTED,NORMAL,NORMAL,0,CONTROLLER,0,NORMAL,NONE,0,NORMAL,NONE,NONE,NONE,NONE,NONE,NONE,NONE,NONE,NONE,0,FALSE
Audi,R8 LMS,2015,Audi R8 LMS 2015 technical tracks,FALSE,739.23,585,7500,58.5,6500,1225,42,58,FALSE,,STANDARD,STANDARD,STANDARD,STANDARD,RH,RH,FULLY_CUSTOMISABLE,55,65,7,5,25,25,35,35,3.2,4,3,1.5,-0.15,0.2,FULLY_CUSTOMISABLE,0,10,0,25,0,20,NONE,0,100,450,680,FULLY_CUSTOMISABLE,100,100,0,0,FULLY_CUSTOMISABLE_RACING,280,0,,NONE,0,NONE,OFF,NONE,NONE,NONE,RACING,NONE,RACING_SLOTTED,NORMAL,NORMAL,0,CONTROLLER,0,NORMAL,NONE,0,NORMAL,NONE,NONE,NONE,NONE,NONE,NONE,NONE,NONE,NONE,0,FALSE
BMW,M3 GT3,2011,BMW M3 GT3 2011 technical tracks,FALSE,702.88,500,8400,51,5500,1245,49,51,FALSE,,STANDARD,STANDARD,STANDARD,STANDARD,RH,RH,FULLY_CUSTOMISABLE,55,60,5,7,25,25,35,35,3.5,3.4,3,2,-0.1,0.15,FULLY_CUSTOMISABLE,0,15,0,35,0,20,NONE,0,100,420,650,FULLY_CUSTOMISABLE,100,100,0,0,FULLY_CUSTOMISABLE_RACING,260,3.62,,NONE,0,NONE,OFF,NONE,NONE,NONE,RACING,NONE,RACING_SLOTTED,NORMAL,NORMAL,0,CONTROLLER,0,NORMAL,NONE,0,NORMAL,NONE,NONE,NONE,NONE,NONE,NONE,NONE,NONE,NONE,0,FALSE
BMW,Z4 GT3,2011,BMW Z4 GT3 2011 technical tracks,FALSE,712.78,522,8000,52.5,5500,1190,51,49,FALSE,,STANDARD,STANDARD,STANDARD,STANDARD,RH,RH,FULLY_CUSTOMISABLE,55,60,5,7,25,25,35,35,3.4,3.3,3,2,-0.1,0.15,FULLY_CUSTOMISABLE,0,15,0,35,0,20,NONE,0,100,420,650,FULLY_CUSTOMISABLE,100,100,0,0,FULLY_CUSTOMISABLE_RACING,260,0,,NONE,0,NONE,OFF,NONE,NONE,NONE,RACING,NONE,RACING_SLOTTED,NORMAL,NORMAL,0,CONTROLLER,0,NORMAL,NONE,0,NORMAL,NONE,NONE,NONE,NONE,NONE,NONE,NONE,NONE,NONE,0,FALSE
BMW,M6 GT3 Endurance Model,2016,BMW M6 GT3 Endurance Model 2016 technical tracks,FALSE,741.34,584,6100,76.5,3500,1300,52,48,FALSE,,STANDARD,STANDARD,STANDARD,STANDARD,RH,RH,FULLY_CUSTOMISABLE,55,60,5,7,25,25,35,35,3.7,3.4,3,2,-0.1,0.15,FULLY_CUSTOMISABLE,0,15,0,35,0,20,NONE,0,100,420,650,FULLY_CUSTOMISABLE,100,100,0,0,FULLY_CUSTOMISABLE_RACING,290,0,,NONE,0,NORMAL,OFF,NORMAL,NONE,NONE,RACING,NONE,RACING_SLOTTED,NORMAL,NORMAL,0,CONTROLLER,0,NORMAL,NONE,0,NORMAL,NONE,NONE,NONE,NONE,NONE,NONE,NONE,NONE,NONE,0,FALSE
BMW,M6 GT3 Sprint Model,2016,BMW M6 GT3 Sprint Model 2016 technical tracks,FALSE,741.94,584,6100,76.5,3500,1300,52,48,FALSE,,STANDARD,STANDARD,STANDARD,STANDARD,RH,RH,FULLY_CUSTOMISABLE,55,60,5,7,25,25,35,35,3.7,3.4,3,2,-0.1,0.15,FULLY_CUSTOMISABLE,0,15,0,35,0,20,NONE,0,100,420,650,FULLY_CUSTOMISABLE,100,100,0,0,FULLY_CUSTOMISABLE_RACING,290,0,,NONE,0,NORMAL,OFF,NORMAL,NONE,NONE,RACING,NONE,RACING_SLOTTED,NORMAL,NORMAL,0,CONTROLLER,0,NORMAL,NONE,0,NORMAL,NONE,NONE,NONE,NONE,NONE,NONE,NONE,NONE,NONE,0,FALSE
Chevrolet,Corvette C7 Gr.3,2014,Chevrolet Corvette C7 Gr.3 2014 technical tracks,FALSE,718.34,571,6000,72.9,3500,1300,50,50,FALSE,,STANDARD,STANDARD,STANDARD,STANDARD,RH,RH,FULLY_CUSTOMISABLE,55,60,6,6,25,25,35,35,3.6,3.6,2.8,1.8,-0.1,0.15,FULLY_CUSTOMISABLE,0,15,0,30,0,20,NONE,0,100,430,650,FULLY_CUSTOMISABLE,100,100,0,0,FULLY_CUSTOMISABLE_RACING,290,3.5,,NONE,0,NONE,OFF,NONE,NONE,NONE,RACING,NONE,RACING_SLOTTED,NORMAL,NORMAL,0,CONTROLLER,0,NORMAL,NONE,0,NORMAL,NONE,NONE,NONE,NONE,NONE,NONE,NONE,NONE,NONE,0,FALSE
Citroën,GT by Citroën Race Car (Gr.3),2008,Citroën GT by Citroën Race Car (Gr.3) 2008 technical tracks,FALSE,741.06,599,8500,59.6,6500,1200,43,57,FALSE,,STANDARD,STANDARD,STANDARD,STANDARD,RH,RH,FULLY_CUSTOMISABLE,55,65,7,5,25,25,35,35,3.2,3.9,3,1.5,-0.15,0.2,FULLY_CUSTOMISABLE,0,10,0,25,0,20,NONE,0,100,450,680,FULLY_CUSTOMISABLE,100,100,0,0,FULLY_CUSTOMISABLE_RACING,270,0,,NONE,0,NONE,OFF,NONE,NONE,NONE,RACING,NONE,RACING_SLOTTED,NORMAL,NORMAL,0,CONTROLLER,0,NORMAL,NONE,0,NORMAL,NONE,NONE,NONE,NONE,NONE,NONE,NONE,NONE,NONE,0,FALSE
Dodge,Viper SRT GT3-R,2015,Dodge Viper SRT GT3-R 2015 technical tracks,FALSE,742.54,678,6000,88.6,5000,1290,49,51,FALSE,,STANDARD,STANDARD,STANDARD,STANDARD,RH,RH,FULLY_CUSTOMISABLE,55,60,6,6,25,25,35,35,3.6,3.5,3,2,-0.1,0.15,FULLY_CUSTOMISABLE,0,15,0,35,0,20,NONE,0,100,420,650,FULLY_CUSTOMISABLE,100,100,0,0,FULLY_CUSTOMISABLE_RACING,290,0,,NONE,0,NONE,OFF,NONE,NONE,NONE,RACING,NONE,RACING_SLOTTED,NORMAL,NORMAL,0,CONTROLLER,0,NORMAL,NONE,0,NORMAL,NONE,NONE,NONE,NONE,NONE,NONE,NONE,NONE,NONE,0,FALSE
Ferrari,458 Italia GT3,2013,Ferrari 458 Italia GT3 2013 technical tracks,FALSE,731.36,542,9000,56,6000,1215,42,58,FALSE,,STANDARD,STANDARD,STANDARD,STANDARD,RH,RH,FULLY_CUSTOMISABLE,55,65,7,5,25,25,35,35,3.3,4,3,1.5,-0.15,0.2,FULLY_CUSTOMISABLE,0,10,0,25,0,20,NONE,0,100,450,680,FULLY_CUSTOMISABLE,100,100,0,0,FULLY_CUSTOMISABLE_RACING,260,0,,NONE,0,NONE,OFF,NORMAL,NONE,NONE,RACING,NONE,RACING_SLOTTED,NORMAL,NORMAL,0,CONTROLLER,0,NORMAL,NONE,0,NORMAL,NONE,NONE,NONE,NONE,NONE,NONE,NONE,NONE,NONE,0,FALSE
Ferrari,296 GT3,2023,Ferrari 296 GT3 2023 technical tracks,FALSE,743.47,599,6800,72.7,5500,1280,47,53,FALSE,,STANDARD,STANDARD,STANDARD,STANDARD,RH,RH,FULLY_CUSTOMISABLE,55,65,7,5,25,25,35,35,3.4,3.8,3,1.5,-0.15,0.2,FULLY_CUSTOMISABLE,0,10,0,25,0,20,NONE,0,100,450,680,FULLY_CUSTOMISABLE,100,100,0,0,FULLY_CUSTOMISABLE_RACING,290,3.333,,NONE,0,NORMAL,OFF,NONE,NONE,NONE,RACING,NONE,RACING_SLOTTED,NORMAL,NORMAL,0,CONTROLLER,0,NORMAL,NONE,0,NORMAL,NONE,NONE,NONE,NONE,NONE,NONE,NONE,NONE,NONE,0,FALSE
Ford,GT Race Car,2018,Ford GT Race Car 2018 technical tracks,FALSE,723.02,527,6500,62.4,4000,1200,46,54,FALSE,,STANDARD,STANDARD,STANDARD,STANDARD,RH,RH,FULLY_CUSTOMISABLE,55,65,7,5,25,25,35,35,3.4,3.8,3,1.5,-0.15,0.2,FULLY_CUSTOMISABLE,0,10,0,25,0,20,NONE,0,100,450,680,FULLY_CUSTOMISABLE,100,100,0,0,FULLY_CUSTOMISABLE_RACING,280,0,,NONE,0,NORMAL,OFF,NORMAL,NONE,NONE,RACING,NONE,RACING_SLOTTED,NORMAL,NORMAL,0,CONTROLLER,0,NORMAL,NONE,0,NORMAL,NONE,NONE,NONE,NONE,NONE,NONE,NONE,NONE,NONE,0,FALSE
Ford,Mustang Gr.3,2015,Ford Mustang Gr.3 2015 technical tracks,FALSE,716.44,568,7000,61.2,6000,1300,54,46,FALSE,,STANDARD,STANDARD,STANDARD,STANDARD,RH,RH,FULLY_CUSTOMISABLE,55,60,5,8,25,25,35,35,3.8,3.2,3,2,-0.1,0.15,FULLY_CUSTOMISABLE,0,15,0,40,0,20,NONE,0,100,420,650,FULLY_CUSTOMISABLE,100,100,0,0,FULLY_CUSTOMISABLE_RACING,290,0,,NONE,0,NONE,OFF,NORMAL,NONE,NONE,RACING,NONE,RACING_SLOTTED,NORMAL,NORMAL,0,CONTROLLER,0,NORMAL,NONE,0,NORMAL,NONE,NONE,NONE,NONE,NONE,NONE,NONE,NONE,NONE,0,FALSE
Ford,GT LM Spec II Test Car,2004,Ford GT LM Spec II Test Car 2004 technical tracks,FALSE,729.22,590,6500,73.7,4000,1165,43,57,FALSE,,STANDARD,STANDARD,STANDARD,STANDARD,RH,RH,FULLY_CUSTOMISABLE,55,65,7,5,25,25,35,35,3.2,3.9,3,1.5,-0.15,0.2,FULLY_CUSTOMISABLE,0,10,0,25,0,20,NONE,0,100,450,680,FULLY_CUSTOMISABLE,100,100,0,0,FULLY_CUSTOMISABLE_RACING,290,0,,NONE,0,NONE,OFF,NORMAL,NORMAL,NONE,RACING,NONE,RACING_SLOTTED,NORMAL,NORMAL,0,CONTROLLER,0,NORMAL,NONE,0,NORMAL,NONE,NONE,NONE,NONE,NONE,NONE,NONE,NONE,NONE,0,FALSE
Ford,GT LM Race Car Spec II,2004,Ford GT LM Race Car Spec II 2004 technical tracks,FALSE,735.62,606,6500,72.7,4000,1130,43,57,FALSE,,STANDARD,STANDARD,STANDARD,STANDARD,RH,RH,FULLY_CUSTOMISABLE,55,65,7,5,25,25,35,35,3.2,3.9,3,1.5,-0.15,0.2,FULLY_CUSTOMISABLE,0,10,0,25,0,20,NONE,0,100,450,680,FULLY_CUSTOMISABLE,100,100,0,0,FULLY_CUSTOMISABLE_RACING,290,3.36,,NONE,0,NONE,OFF,NONE,NORMAL,NONE,RACING,NONE,RACING_SLOTTED,NORMAL,NORMAL,0,CONTROLLER,0,NORMAL,NONE,0,NORMAL,NONE,NONE,NONE,NONE,NONE,NONE,NONE,NONE,NONE,0,FALSE
Genesis,Genesis X Gr.3,2020,Genesis Genesis X Gr.3 2020 technical tracks,FALSE,726.09,547,6500,71,3000,1280,52,48,FALSE,,STANDARD,STANDARD,STANDARD,STANDARD,RH,RH,FULLY_CUSTOMISABLE,55,60,5,7,25,25,35,35,3.7,3.4,3,2,-0.1,0.15,FULLY_CUSTOMISABLE,0,15,0,35,0,20,NONE,0,100,420,650,FULLY_CUSTOMISABLE,100,100,0,0,FULLY_CUSTOMISABLE_RACING,280,0,,NONE,0,NONE,OFF,NONE,NONE,NONE,RACING,NONE,RACING_SLOTTED,NORMAL,NORMAL,0,CONTROLLER,0,NORMAL,NONE,0,NORMAL,NONE,NONE,NONE,NONE,NONE,NONE,NONE,NONE,NONE,0,FALSE
Honda,NSX GT500,2000,Honda NSX GT500 2000 technical tracks,FALSE,706.71,481,8000,46.3,7000,1150,44,56,FALSE,,STANDARD,STANDARD,STANDARD,STANDARD,RH,RH,FULLY_CUSTOMISABLE,55,65,7,5,25,25,35,35,3.2,3.8,3,1.5,-0.15,0.2,FULLY_CUSTOMISABLE,0,10,0,25,0,20,NONE,0,100,450,680,FULLY_CUSTOMISABLE,100,100,0,0,FULLY_CUSTOMISABLE_RACING,250,0,,NONE,0,NONE,OFF,NONE,NONE,NONE,RACING,NONE,RACING_SLOTTED,NORMAL,NORMAL,0,CONTROLLER,0,NORMAL,NONE,0,NORMAL,NONE,NONE,NONE,NONE,NONE,NONE,NONE,NONE,NONE,0,FALSE
Honda,NSX GT3,2017,Honda NSX GT3 2017 technical tracks,FALSE,718.94,568,7500,59.5,3000,1300,42,58,FALSE,,STANDARD,STANDARD,STANDARD,STANDARD,RH,RH,FULLY_CUSTOMISABLE,55,65,7,5,25,25,35,35,3.3,4,3,1.5,-0.15,0.2,FULLY_CUSTOMISABLE,0,10,0,25,0,20,NONE,0,100,450,680,FULLY_CUSTOMISABLE,100,100,0,0,FULLY_CUSTOMISABLE_RACING,280,0,,NONE,0,NORMAL,OFF,NORMAL,NONE,NONE,RACING,NONE,RACING_SLOTTED,NORMAL,NORMAL,0,CONTROLLER,0,NORMAL,NONE,0,NORMAL,NONE,NONE,NONE,NONE,NONE,NONE,NONE,NONE,NONE,0,FALSE
Hyundai,Genesis GR_3,2013,Hyundai Genesis GR_3 2013 technical tracks,FALSE,725.27,575,8000,55.3,6500,1282,53,47,FALSE,,STANDARD,STANDARD,STANDARD,STANDARD,RH,RH,FULLY_CUSTOMISABLE,55,60,5,7,25,25,35,35,3.8,3.3,3,2,-0.1,0.15,FULLY_CUSTOMISABLE,0,15,0,35,0,20,NONE,0,100,420,650,FULLY_CUSTOMISABLE,100,100,0,0,FULLY_CUSTOMISABLE_RACING,270,0,,NONE,0,NORMAL,OFF,NORMAL,NONE,NONE,RACING,NONE,RACING_SLOTTED,NORMAL,NORMAL,0,CONTROLLER,0,NORMAL,NONE,0,NORMAL,NONE,NONE,NONE,NONE,NONE,NONE,NONE,NONE,NONE,0,FALSE
Jaguar,F-type Gr.3,2014,Jaguar F-type Gr.3 2014 technical tracks,FALSE,727.11,552,6500,69.2,3500,1250,52,48,FALSE,,STANDARD,STANDARD,STANDARD,STANDARD,RH,RH,FULLY_CUSTOMISABLE,55,60,5,7,25,25,35,35,3.7,3.4,3,2,-0.1,0.15,FULLY_CUSTOMISABLE,0,15,0,35,0,20,NONE,0,100,420,650,FULLY_CUSTOMISABLE,100,100,0,0,FULLY_CUSTOMISABLE_RACING,280,0,,NONE,0,NONE,OFF,NORMAL,NORMAL,NONE,RACING,NONE,RACING_SLOTTED,NORMAL,NORMAL,0,CONTROLLER,0,NORMAL,NONE,0,NORMAL,NONE,NONE,NONE,NONE,NONE,NONE,NONE,NONE,NONE,0,FALSE
Lamborghini,Huracán GT3,2015,Lamborghini Huracán GT3 2015 technical tracks,FALSE,738.66,576,8000,59.2,6500,1230,42,58,FALSE,,STANDARD,STANDARD,STANDARD,STANDARD,RH,RH,FULLY_CUSTOMISABLE,55,65,7,5,25,25,35,35,3.3,4,3,1.5,-0.15,0.2,FULLY_CUSTOMISABLE,0,10,0,25,0,20,NONE,0,100,450,680,FULLY_CUSTOMISABLE,100,100,0,0,FULLY_CUSTOMISABLE_RACING,270,0,,NONE,0,NONE,OFF,NONE,NONE,NONE,RACING,NONE,RACING_SLOTTED,NORMAL,NORMAL,0,CONTROLLER,0,NORMAL,NONE,0,NORMAL,NONE,NONE,NONE,NONE,NONE,NONE,NONE,NONE,NONE,0,FALSE
Lexus,RC F GT3 Prototype,2016,Lexus RC F GT3 Prototype 2016 technical tracks,FALSE,719.53,527,7000,62,5000,1300,54,46,FALSE,,STANDARD,STANDARD,STANDARD,STANDARD,RH,RH,FULLY_CUSTOMISABLE,55,60,5,8,25,25,35,35,3.8,3.2,3,2,-0.1,0.15,FULLY_CUSTOMISABLE,0,15,0,40,0,20,NONE,0,100,420,650,FULLY_CUSTOMISABLE,100,100,0,0,FULLY_CUSTOMISABLE_RACING,280,0,,NONE,0,NONE,OFF,NONE,NONE,NONE,RACING,NONE,RACING_SLOTTED,NORMAL,NORMAL,0,CONTROLLER,0,NORMAL,NONE,0,NORMAL,NONE,NONE,NONE,NONE,NONE,NONE,NONE,NONE,NONE,0,FALSE
Lexus,RC F GT3,2017,Lexus RC F GT3 2017 technical tracks,FALSE,725.77,535,7000,62.8,4500,1300,54,46,FALSE,,STANDARD,STANDARD,STANDARD,STANDARD,RH,RH,FULLY_CUSTOMISABLE,55,60,5,8,25,25,35,35,3.8,3.2,3,2,-0.1,0.15,FULLY_CUSTOMISABLE,0,15,0,40,0,20,NONE,0,100,420,650,FULLY_CUSTOMISABLE,100,100,0,0,FULLY_CUSTOMISABLE_RACING,280,0,,NONE,0,NONE,OFF,NONE,NONE,NONE,RACING,NONE,RACING_SLOTTED,NORMAL,NORMAL,0,CONTROLLER,0,NORMAL,NONE,0,NORMAL,NONE,NONE,NONE,NONE,NONE,NONE,NONE,NONE,NONE,0,FALSE
Mazda,RX-Vision GT3 Concept,2020,Mazda RX-Vision GT3 Concept 2015 technical tracks,FALSE,739.37,562,8900,55,6500,1250,48,52,FALSE,,STANDARD,STANDARD,STANDARD,STANDARD,RH,RH,FULLY_CUSTOMISABLE,55,60,6,6,25,25,35,35,3.5,3.5,3,2,-0.1,0.15,FULLY_CUSTOMISABLE,0,15,0,35,0,20,NONE,0,100,420,650,FULLY_CUSTOMISABLE,100,100,0,0,FULLY_CUSTOMISABLE_RACING,260,0,,NONE,0,NONE,OFF,NORMAL,NONE,NONE,RACING,NONE,RACING_SLOTTED,NORMAL,NORMAL,0,CONTROLLER,0,NORMAL,NONE,0,NORMAL,NONE,NONE,NONE,NONE,NONE,NONE,NONE,NONE,NONE,0,FALSE
Mazda,Atenza Gr.3,2015,Mazda Atenza Gr.3 2015 technical tracks,FALSE,722.21,567,8000,58,5500,1280,54,46,FALSE,,STANDARD,STANDARD,STANDARD,STANDARD,RH,RH,FULLY_CUSTOMISABLE,55,60,5,8,25,25,35,35,3.8,3.2,3,2,-0.1,0.15,FULLY_CUSTOMISABLE,0,15,0,40,0,20,NONE,0,100,420,650,FULLY_CUSTOMISABLE,100,100,0,0,FULLY_CUSTOMISABLE_RACING,260,4.09,,NONE,0,NORMAL,OFF,NONE,NONE,NONE,RACING,NONE,RACING_SLOTTED,NORMAL,NORMAL,0,CONTROLLER,0,NORMAL,NONE,0,NORMAL,NONE,NONE,NONE,NONE,NONE,NONE,NONE,NONE,NONE,0,FALSE
McLaren,650S GT3,2015,McLaren 650S GT3 2015 technical tracks,FALSE,725.53,536,7500,56.5,4500,1240,44,56,FALSE,,STANDARD,STANDARD,STANDARD,STANDARD,RH,RH,FULLY_CUSTOMISABLE,55,65,7,5,25,25,35,35,3.3,3.8,3,1.5,-0.15,0.2,FULLY_CUSTOMISABLE,0,10,0,25,0,20,NONE,0,100,450,680,FULLY_CUSTOMISABLE,100,100,0,0,FULLY_CUSTOMISABLE_RACING,270,3.45,,NONE,0,NORMAL,OFF,NORMAL,NONE,NONE,RACING,NONE,RACING_SLOTTED,NORMAL,NORMAL,0,CONTROLLER,0,NORMAL,NONE,0,NORMAL,NONE,NONE,NONE,NONE,NONE,NONE,NONE,NONE,NONE,0,FALSE
McLaren,McLaren F1 GTR - BMW,1995,McLaren McLaren F1 GTR - BMW 1995 technical tracks,FALSE,740.81,600,7500,66.4,6000,1050,44,56,FALSE,,STANDARD,STANDARD,STANDARD,STANDARD,RH,RH,FULLY_CUSTOMISABLE,55,65,7,5,25,25,35,35,3.1,3.8,3,1.5,-0.15,0.2,FULLY_CUSTOMISABLE,0,10,0,25,0,20,NONE,0,100,450,680,FULLY_CUSTOMISABLE,100,100,0,0,FULLY_CUSTOMISABLE_RACING,280,0,,NONE,0,NONE,OFF,NONE,NONE,NONE,RACING,NONE,RACING_SLOTTED,NORMAL,NORMAL,0,CONTROLLER,0,NORMAL,NONE,0,NORMAL,NONE,NONE,NONE,NONE,NONE,NONE,NONE,NONE,NONE,0,FALSE
Mitsubishi,Lancer Evolution Final Edition Gr.3,2015,Mitsubishi Lancer Evolution Final Edition Gr.3 2015 technical tracks,FALSE,729.27,610,7000,66.6,5000,1290,54,46,FALSE,,STANDARD,STANDARD,STANDARD,STANDARD,RH,RH,FULLY_CUSTOMISABLE,55,60,5,8,25,25,35,35,3.8,3.2,3,2,-0.1,0.15,FULLY_CUSTOMISABLE,0,15,0,40,0,20,NONE,0,100,420,650,FULLY_CUSTOMISABLE,100,100,0,0,FULLY_CUSTOMISABLE_RACING,290,0,,NONE,0,NORMAL,OFF,NORMAL,NONE,NONE,RACING,NONE,RACING_SLOTTED,NORMAL,NORMAL,0,CONTROLLER,0,NORMAL,NONE,0,NORMAL,NONE,NONE,NONE,NONE,NONE,NONE,NONE,NONE,NONE,0,FALSE
Nissan,GT-R GT500,1999,Nissan GT-R GT500 1999 technical tracks,FALSE,703.18,498,5800,72,4500,1200,55,45,FALSE,,STANDARD,STANDARD,STANDARD,STANDARD,RH,RH,FULLY_CUSTOMISABLE,55,60,4,8,25,25,35,35,3.6,3,3,2,-0.1,0.15,FULLY_CUSTOMISABLE,0,15,0,40,0,20,NONE,0,100,420,650,FULLY_CUSTOMISABLE,100,100,0,0,FULLY_CUSTOMISABLE_RACING,270,0,,NONE,0,NORMAL,OFF,NORMAL,NONE,NONE,RACING,NONE,RACING_SLOTTED,NORMAL,NORMAL,0,CONTROLLER,0,NORMAL,NONE,0,NORMAL,NONE,NONE,NONE,NONE,NONE,NONE,NONE,NONE,NONE,0,FALSE
Nissan,Skyline Silhouette Group 5,1984,Nissan Skyline Silhouette Group 5 1984 technical tracks,FALSE,698.48,561,7500,55,6500,1005,52,48,FALSE,,STANDARD,STANDARD,STANDARD,STANDARD,RH,RH,FULLY_CUSTOMISABLE,55,60,5,7,25,25,35,35,3.3,3,3,2,-0.1,0.15,FULLY_CUSTOMISABLE,0,15,0,35,0,20,NONE,0,100,420,650,FULLY_CUSTOMISABLE,100,100,0,0,FULLY_CUSTOMISABLE_RACING,270,0,,NONE,0,NORMAL,OFF,NORMAL,NONE,NONE,RACING,NONE,RACING_SLOTTED,NORMAL,NORMAL,0,CONTROLLER,0,NORMAL,NONE,0,NORMAL,NONE,NONE,NONE,NONE,NONE,NONE,NONE,NONE,NONE,0,FALSE
Nissan,GT-R NISMO GT3,2018,Nissan GT-R NISMO GT3 2018 technical tracks,FALSE,731.09,576,6500,67.5,3500,1285,53,47,FALSE,,STANDARD,STANDARD,STANDARD,STANDARD,RH,RH,FULLY_CUSTOMISABLE,55,60,5,7,25,25,35,35,3.8,3.3,3,2,-0.1,0.15,FULLY_CUSTOMISABLE,0,15,0,35,0,20,NONE,0,100,420,650,FULLY_CUSTOMISABLE,100,100,0,0,FULLY_CUSTOMISABLE_RACING,290,0,,NONE,0,NORMAL,OFF,NORMAL,NONE,NONE,RACING,NONE,RACING_SLOTTED,NORMAL,NORMAL,0,CONTROLLER,0,NORMAL,NONE,0,NORMAL,NONE,NONE,NONE,NONE,NONE,NONE,NONE,NONE,NONE,0,FALSE
Nissan,GT-R NISMO GT3,2013,Nissan GT-R NISMO GT3 2013 technical tracks,FALSE,712.14,591,6500,70,3500,1300,55,45,FALSE,,STANDARD,STANDARD,STANDARD,STANDARD,RH,RH,FULLY_CUSTOMISABLE,55,60,4,8,25,25,35,35,3.9,3.1,3,2,-0.1,0.15,FULLY_CUSTOMISABLE,0,15,0,40,0,20,NONE,0,100,420,650,FULLY_CUSTOMISABLE,100,100,0,0,FULLY_CUSTOMISABLE_RACING,290,0,,NONE,0,NORMAL,OFF,NORMAL,NONE,NONE,RACING,NONE,RACING_SLOTTED,NORMAL,NORMAL,0,CONTROLLER,0,NORMAL,NONE,0,NORMAL,NONE,NONE,NONE,NONE,NONE,NONE,NONE,NONE,NONE,0,FALSE
Peugeot,RCZ Gr.3,2015,Peugeot RCZ Gr.3 2015 technical tracks,FALSE,710.5,520,7500,56,3500,1200,44,56,FALSE,,STANDARD,STANDARD,STANDARD,STANDARD,RH,RH,FULLY_CUSTOMISABLE,55,65,7,5,25,25,35,35,3.2,3.8,3,1.5,-0.15,0.2,FULLY_CUSTOMISABLE,0,10,0,25,0,20,NONE,0,100,450,680,FULLY_CUSTOMISABLE,100,100,0,0,FULLY_CUSTOMISABLE_RACING,270,4.533,,NONE,0,NORMAL,OFF,NORMAL,NONE,NONE,RACING,NONE,RACING_SLOTTED,NORMAL,NORMAL,0,CONTROLLER,0,NORMAL,NONE,0,NORMAL,NONE,NONE,NONE,NONE,NONE,NONE,NONE,NONE,NONE,0,FALSE
Peugeot,VGT (Gr.3),2015,Peugeot VGT (Gr.3) 2015 technical tracks,FALSE,714.61,542,7800,56.5,6500,1250,48,52,FALSE,,STANDARD,STANDARD,STANDARD,STANDARD,RH,RH,FULLY_CUSTOMISABLE,55,60,6,6,25,25,35,35,3.5,3.5,3,2,-0.1,0.15,FULLY_CUSTOMISABLE,0,15,0,35,0,20,NONE,0,100,420,650,FULLY_CUSTOMISABLE,100,100,0,0,FULLY_CUSTOMISABLE_RACING,280,0,,NONE,0,NORMAL,OFF,NORMAL,NONE,NONE,RACING,NONE,RACING_SLOTTED,NORMAL,NORMAL,0,CONTROLLER,0,NORMAL,NONE,0,NORMAL,NONE,NONE,NONE,NONE,NONE,NONE,NONE,NONE,NONE,0,FALSE
Porsche,911 RSR (991),2017,Porsche 911 RSR (991) 2017 technical tracks,FALSE,720.74,507,8100,49.6,6000,1243,46,54,FALSE,,STANDARD,STANDARD,STANDARD,STANDARD,RH,RH,FULLY_CUSTOMISABLE,55,65,7,5,25,25,35,35,3.4,3.8,3,1.5,-0.15,0.2,FULLY_CUSTOMISABLE,0,10,0,25,0,20,NONE,0,100,450,680,FULLY_CUSTOMISABLE,100,100,0,0,FULLY_CUSTOMISABLE_RACING,260,3.8,,NONE,0,NONE,OFF,NONE,NONE,NONE,RACING,NONE,RACING_SLOTTED,NORMAL,NORMAL,0,CONTROLLER,0,NORMAL,NONE,0,NORMAL,NONE,NONE,NONE,NONE,NONE,NONE,NONE,NONE,NONE,0,FALSE
Porsche,911 GT3 R (992),2022,Porsche 911 GT3 R (992) 2022 technical tracks,FALSE,735.54,557,9000,51,7500,1250,43,57,FALSE,,STANDARD,STANDARD,STANDARD,STANDARD,RH,RH,FULLY_CUSTOMISABLE,55,65,7,5,25,25,35,35,3.3,4.1,3,1.5,-0.15,0.2,FULLY_CUSTOMISABLE,0,10,0,15,0,30,NONE,0,100,450,680,FULLY_CUSTOMISABLE,100,100,0,0,FULLY_CUSTOMISABLE_RACING,260,0,,NONE,0,NONE,OFF,NONE,NONE,NONE,RACING,NONE,RACING_SLOTTED,NORMAL,NORMAL,0,CONTROLLER,0,NORMAL,NONE,0,NORMAL,NONE,NONE,NONE,NONE,NONE,NONE,NONE,NONE,NONE,0,FALSE
Renault Sport,R.S.01 GT3,2016,Renault Sport R.S.01 GT3 2016 technical tracks,FALSE,721.91,534,6700,63.8,5000,1220,44,56,FALSE,,STANDARD,STANDARD,STANDARD,STANDARD,RH,RH,FULLY_CUSTOMISABLE,55,65,7,5,25,25,35,35,3.2,3.8,3,1.5,-0.15,0.2,FULLY_CUSTOMISABLE,0,10,0,25,0,20,NONE,0,100,450,680,FULLY_CUSTOMISABLE,100,100,0,0,FULLY_CUSTOMISABLE_RACING,280,0,,NONE,0,NORMAL,OFF,NORMAL,NONE,NONE,RACING,NONE,RACING_SLOTTED,NORMAL,NORMAL,0,CONTROLLER,0,NORMAL,NONE,0,NORMAL,NONE,NONE,NONE,NONE,NONE,NONE,NONE,NONE,NONE,0,FALSE
Subaru,BRZ GT300,2021,Subaru BRZ GT300 2021 technical tracks,FALSE,730.7,478,6700,67.7,4500,1150,51,49,FALSE,,STANDARD,STANDARD,STANDARD,STANDARD,RH,RH,FULLY_CUSTOMISABLE,55,60,5,7,25,25,35,35,3.4,3.3,3,2,-0.1,0.15,FULLY_CUSTOMISABLE,0,15,0,35,0,20,NONE,0,100,420,650,FULLY_CUSTOMISABLE,100,100,0,0,FULLY_CUSTOMISABLE_RACING,260,0,,NONE,0,NORMAL,OFF,NORMAL,NONE,NONE,RACING,NONE,RACING_SLOTTED,NORMAL,NORMAL,0,CONTROLLER,0,NORMAL,NONE,0,NORMAL,NONE,NONE,NONE,NONE,NONE,NONE,NONE,NONE,NONE,0,FALSE
Subaru,WRX Gr.3,2014,Subaru WRX Gr.3 2014 technical tracks,FALSE,727.65,591,7500,63.1,4500,1280,55,45,FALSE,,STANDARD,STANDARD,STANDARD,STANDARD,RH,RH,FULLY_CUSTOMISABLE,55,60,4,8,25,25,35,35,3.8,3.1,3,2,-0.1,0.15,FULLY_CUSTOMISABLE,0,15,0,40,0,20,NONE,0,100,420,650,FULLY_CUSTOMISABLE,100,100,0,0,FULLY_CUSTOMISABLE_RACING,280,0,,NONE,0,NORMAL,OFF,NORMAL,NONE,NONE,RACING,NONE,RACING_SLOTTED,NORMAL,NORMAL,0,CONTROLLER,0,NORMAL,NONE,0,NORMAL,NONE,NONE,NONE,NONE,NONE,NONE,NONE,NONE,NONE,0,FALSE
Suzuki,VGT (Gr.3),2022,Suzuki SUZUKI VGT (Gr.3) 2022 technical tracks,FALSE,710.3,577,10000,50,7500,1220,50,50,FALSE,,STANDARD,STANDARD,STANDARD,STANDARD,RH,RH,FULLY_CUSTOMISABLE,55,60,6,6,25,25,35,35,3.5,3.5,3,2,-0.1,0.15,FULLY_CUSTOMISABLE,0,15,0,30,0,20,NONE,0,100,420,650,FULLY_CUSTOMISABLE,100,100,0,0,FULLY_CUSTOMISABLE_RACING,270,0,,NONE,0,NORMAL,OFF,NORMAL,NONE,NONE,RACING,NONE,RACING_SLOTTED,NORMAL,NORMAL,0,CONTROLLER,0,NORMAL,NONE,0,NORMAL,NONE,NONE,NONE,NONE,NONE,NONE,NONE,NONE,NONE,0,FALSE
Toyota,SUPRA GT500,1997,Toyota SUPRA GT500 1997 technical tracks,FALSE,706.79,492,6900,65.5,4500,1150,52,48,FALSE,,STANDARD,STANDARD,STANDARD,STANDARD,RH,RH,FULLY_CUSTOMISABLE,55,60,5,7,25,25,35,35,3.4,3.1,3,2,-0.1,0.15,FULLY_CUSTOMISABLE,0,15,0,35,0,20,NONE,0,100,420,650,FULLY_CUSTOMISABLE,100,100,0,0,FULLY_CUSTOMISABLE_RACING,270,0,,NONE,0,NORMAL,OFF,NORMAL,NONE,NONE,RACING,NONE,RACING_SLOTTED,NORMAL,NORMAL,0,CONTROLLER,0,NORMAL,NONE,0,NORMAL,NONE,NONE,NONE,NONE,NONE,NONE,NONE,NONE,NONE,0,FALSE
Toyota,FT-1 VGT (Gr.3),2014,Toyota FT-1 VGT (Gr.3) 2014 technical tracks,FALSE,719.27,544,9300,47.9,5800,1280,51,49,FALSE,,STANDARD,STANDARD,STANDARD,STANDARD,RH,RH,FULLY_CUSTOMISABLE,55,60,5,7,25,25,35,35,3.6,3.4,3,2,-0.1,0.15,FULLY_CUSTOMISABLE,0,15,0,35,0,20,NONE,0,100,420,650,FULLY_CUSTOMISABLE,100,100,0,0,FULLY_CUSTOMISABLE_RACING,260,0,,NONE,0,NORMAL,OFF,NORMAL,NONE,NONE,RACING,NONE,RACING_SLOTTED,NORMAL,NORMAL,0,CONTROLLER,0,NORMAL,NONE,0,NORMAL,NONE,NONE,NONE,NONE,NONE,NONE,NONE,NONE,NONE,0,FALSE
Toyota,GR Supra Racing Concept,2018,Toyota GR Supra Racing Concept 2018 technical tracks,FALSE,741.16,591,6800,71.1,6000,1243,52,48,FALSE,,STANDARD,STANDARD,STANDARD,STANDARD,RH,RH,FULLY_CUSTOMISABLE,55,60,5,7,25,25,35,35,3.6,3.3,3,2,-0.1,0.15,FULLY_CUSTOMISABLE,0,15,0,35,0,20,NONE,0,100,420,650,FULLY_CUSTOMISABLE,100,100,0,0,FULLY_CUSTOMISABLE_RACING,290,0,,NONE,0,NORMAL,OFF,NORMAL,NONE,NONE,RACING,NONE,RACING_SLOTTED,NORMAL,NORMAL,0,CONTROLLER,0,NORMAL,NONE,0,NORMAL,NONE,NONE,NONE,NONE,NONE,NONE,NONE,NONE,NONE,0,FALSE
Volkswagen,GTI VGT (Gr.3),2014,Volkswagen GTI VGT (Gr.3) 2014 technical tracks,FALSE,695.04,551,6500,67.8,4500,1260,50,50,FALSE,,STANDARD,STANDARD,STANDARD,STANDARD,RH,RH,FULLY_CUSTOMISABLE,55,60,6,6,25,25,35,35,3.6,3.6,3,2,-0.1,0.15,FULLY_CUSTOMISABLE,0,15,0,30,0,20,NONE,0,100,420,650,FULLY_CUSTOMISABLE,100,100,0,0,FULLY_CUSTOMISABLE_RACING,280,0,,NONE,0,NORMAL,OFF,NORMAL,NONE,NONE,RACING,NONE,RACING_SLOTTED,NORMAL,NORMAL,0,CONTROLLER,0,NORMAL,NONE,0,NORMAL,NONE,NONE,NONE,NONE,NONE,NONE,NONE,NONE,NONE,0,FALSE
Volkswagen,Beetle Gr.3,2017,Volkswagen Beetle Gr.3 2017 technical tracks,FALSE,742.41,591,8400,60.4,6500,1200,52,48,FALSE,,STANDARD,STANDARD,STANDARD,STANDARD,RH,RH,FULLY_CUSTOMISABLE,55,60,5,7,25,25,35,35,3.5,3.3,3,2,-0.1,0.15,FULLY_CUSTOMISABLE,0,15,0,35,0,20,NONE,0,100,420,650,FULLY_CUSTOMISABLE,100,100,0,0,FULLY_CUSTOMISABLE_RACING,270,0,,NONE,0,NORMAL,OFF,NORMAL,NONE,NONE,RACING,NONE,RACING_SLOTTED,NORMAL,NORMAL,0,CONTROLLER,0,NORMAL,NONE,0,NORMAL,NONE,NONE,NONE,NONE,NONE,NONE,NONE,NONE,NONE,0,FALSE
Alfa Romeo,155 2.5 V6 TI,1993,Alfa Romeo 155 2.5 V6 TI 1993 tech setup,FALSE,662.94,413,11500,30,7500,1010,58,42,FALSE,,STANDARD,STANDARD,STANDARD,STANDARD,RH,RH,FULLY_CUSTOMISABLE,60,70,3,8,25,25,35,35,2.6,3,3.2,2,-0.15,0.1,FULLY_CUSTOMISABLE,5,10,10,40,5,20,NORMAL,30,70,200,350,FULLY_CUSTOMISABLE,100,100,0,0,NORMAL,260,,,NONE,0,NONE,OFF,NONE,NONE,NONE,RACING,NONE,RACING_SLOTTED,NORMAL,NORMAL,0,CONTROLLER,0,NORMAL,NONE,0,NORMAL,NONE,NONE,NONE,NONE,NONE,NONE,NONE,NONE,NONE,0,FALSE
Alfa Romeo,4C Gr.4,2014,Alfa Romeo 4C Gr.4 2014 tech setup,TRUE,628.56,295,7000,36.3,4500,1020,41,59,FALSE,,STANDARD,STANDARD,STANDARD,STANDARD,RH,RH,FULLY_CUSTOMISABLE,60,70,5,4,25,25,35,35,2.8,3,3.2,2.6,-0.1,0.25,FULLY_CUSTOMISABLE,0,10,0,20,0,35,NONE,0,100,200,350,FULLY_CUSTOMISABLE,100,100,0,0,NORMAL,240,,,NONE,0,NORMAL,OFF,NORMAL,NONE,NONE,RACING,NONE,RACING_SLOTTED,NORMAL,NORMAL,0,CONTROLLER,0,NORMAL,NONE,0,NORMAL,NONE,NONE,NONE,NONE,NONE,NONE,NONE,NONE,NONE,0,FALSE
AMG,SLS AMG Gr.4,2010,AMG SLS AMG Gr.4 2010 tech setup,TRUE,639.19,419,7000,48.7,5000,1415,47,53,FALSE,,STANDARD,STANDARD,STANDARD,STANDARD,RH,RH,FULLY_CUSTOMISABLE,60,70,4,6,25,25,35,35,3.1,3.2,3.5,2.4,-0.15,0.15,FULLY_CUSTOMISABLE,0,15,0,24,0,28,NONE,0,100,200,350,FULLY_CUSTOMISABLE,100,100,0,0,NORMAL,250,3.67,,NONE,0,NONE,OFF,NONE,NONE,NONE,RACING,NONE,RACING_SLOTTED,NORMAL,NORMAL,0,CONTROLLER,0,NORMAL,NONE,0,NORMAL,NONE,NONE,NONE,NONE,NONE,NONE,NONE,NONE,NONE,0,FALSE
Aston Martin,V8 Vantage Gr.4,2015,Aston Martin V8 Vantage Gr.4 2015 tech setup,TRUE,638.94,399,7000,50,5000,1350,50,50,FALSE,,STANDARD,STANDARD,STANDARD,STANDARD,RH,RH,FULLY_CUSTOMISABLE,60,70,4,6,25,25,35,35,3,3,3.5,2.4,-0.15,0.15,FULLY_CUSTOMISABLE,0,10,0,22,0,25,NONE,0,100,200,350,FULLY_CUSTOMISABLE,100,100,0,0,NORMAL,250,3.91,,NONE,0,NONE,OFF,NONE,NONE,NONE,RACING,NONE,RACING_SLOTTED,NORMAL,NORMAL,0,CONTROLLER,0,NORMAL,NONE,0,NORMAL,NONE,NONE,NONE,NONE,NONE,NONE,NONE,NONE,NONE,0,FALSE
Audi,TT Cup,2016,Audi TT Cup 2016 tech setup,FALSE,625.74,335,6500,40.7,1500,1125,60,40,FALSE,,STANDARD,STANDARD,STANDARD,STANDARD,RH,RH,FULLY_CUSTOMISABLE,75,95,3,8,25,25,35,35,2.7,3.1,3.5,1.5,-0.15,0,FULLY_CUSTOMISABLE,5,0,15,0,5,0,NONE,100,0,200,300,FULLY_CUSTOMISABLE,100,100,0,0,NORMAL,250,3.3,,NONE,0,NORMAL,OFF,NORMAL,NONE,NONE,RACING,NONE,RACING_SLOTTED,NORMAL,NORMAL,0,CONTROLLER,0,NORMAL,NONE,0,NORMAL,NONE,NONE,NONE,NONE,NONE,NONE,NONE,NONE,NONE,0,FALSE
BMW,M4 Gr.4,2014,BMW M4 Gr.4 2014 tech setup,TRUE,624.17,394,5700,52,2000,1365,52,48,FALSE,,STANDARD,STANDARD,STANDARD,STANDARD,RH,RH,FULLY_CUSTOMISABLE,60,70,4,6,25,25,35,35,3.2,3.1,3.5,2.4,-0.15,0.15,FULLY_CUSTOMISABLE,0,12,0,22,0,25,NONE,0,100,200,350,FULLY_CUSTOMISABLE,100,100,0,0,NORMAL,250,3.154,,NONE,0,NORMAL,OFF,NORMAL,NONE,NONE,RACING,NONE,RACING_SLOTTED,NORMAL,NORMAL,0,CONTROLLER,0,NORMAL,NONE,0,NORMAL,NONE,NONE,NONE,NONE,NONE,NONE,NONE,NONE,NONE,0,FALSE
Bugatti,Veyron Gr.4,2013,Bugatti Veyron Gr.4 2013 tech setup,FALSE,623.53,433,6000,56,2500,1650,45,55,FALSE,,STANDARD,STANDARD,STANDARD,STANDARD,RH,RH,FULLY_CUSTOMISABLE,60,65,4,7,25,25,35,35,3.4,3.6,3,2.5,-0.1,0.2,FULLY_CUSTOMISABLE,5,10,10,30,5,15,NORMAL,30,70,200,350,FULLY_CUSTOMISABLE,100,100,0,0,FULLY_CUSTOMISABLE_RACING,250,2.723,,NONE,0,NORMAL,OFF,NORMAL,NONE,NONE,RACING,NONE,RACING_SLOTTED,NORMAL,NORMAL,0,CONTROLLER,0,NORMAL,NONE,0,NORMAL,NONE,NONE,NONE,NONE,NONE,NONE,NONE,NONE,NONE,0,FALSE
Chevrolet,Corvette C7 Gr.4,2014,Chevrolet Corvette C7 Gr.4 2014 tech setup,TRUE,645.21,414,6000,58,4500,1350,50,50,FALSE,,STANDARD,STANDARD,STANDARD,STANDARD,RH,RH,FULLY_CUSTOMISABLE,60,70,4,6,25,25,35,35,3,3,3.5,2.4,-0.15,0.15,FULLY_CUSTOMISABLE,0,12,0,24,0,26,NONE,0,100,200,350,FULLY_CUSTOMISABLE,100,100,0,0,NORMAL,250,,,NONE,0,NONE,OFF,NONE,NONE,NONE,RACING,NONE,RACING_SLOTTED,NORMAL,NORMAL,0,CONTROLLER,0,NORMAL,NONE,0,NORMAL,NONE,NONE,NONE,NONE,NONE,NONE,NONE,NONE,NONE,0,FALSE
Citroën,GT by Citroën Gr.4,2008,Citroën GT by Citroën Gr.4 2008 tech setup,TRUE,653.21,394,8500,39.2,6500,1300,43,57,FALSE,,STANDARD,STANDARD,STANDARD,STANDARD,RH,RH,FULLY_CUSTOMISABLE,60,70,5,4,25,25,35,35,3.1,3.2,3.2,2.6,-0.1,0.2,FULLY_CUSTOMISABLE,0,12,0,24,0,35,NONE,0,100,200,350,FULLY_CUSTOMISABLE,100,100,0,0,NORMAL,240,,,NONE,0,NONE,OFF,NONE,NONE,NONE,RACING,NONE,RACING_SLOTTED,NORMAL,NORMAL,0,CONTROLLER,0,NORMAL,NONE,0,NORMAL,NONE,NONE,NONE,NONE,NONE,NONE,NONE,NONE,NONE,0,FALSE
Dodge,Viper Gr.4,2013,Dodge Viper Gr.4 2013 tech setup,TRUE,644.69,428,6400,55.7,5000,1400,49,51,FALSE,,STANDARD,STANDARD,STANDARD,STANDARD,RH,RH,FULLY_CUSTOMISABLE,60,70,4,6,25,25,35,35,3.1,3.2,3.5,2.4,-0.15,0.15,FULLY_CUSTOMISABLE,0,15,0,25,0,28,NONE,0,100,200,350,FULLY_CUSTOMISABLE,100,100,0,0,NORMAL,250,,,NONE,0,NONE,OFF,NONE,NONE,NONE,RACING,NONE,RACING_SLOTTED,NORMAL,NORMAL,0,CONTROLLER,0,NORMAL,NONE,0,NORMAL,NONE,NONE,NONE,NONE,NONE,NONE,NONE,NONE,NONE,0,FALSE
Ferrari,458 Italia Gr.4,2009,Ferrari 458 Italia Gr.4 2009 tech setup,TRUE,638.06,374,9000,36.7,6000,1350,43,57,FALSE,,STANDARD,STANDARD,STANDARD,STANDARD,RH,RH,FULLY_CUSTOMISABLE,60,70,5,4,25,25,35,35,3.2,3.3,3.2,2.6,-0.1,0.2,FULLY_CUSTOMISABLE,0,12,0,24,0,35,NONE,0,100,200,350,FULLY_CUSTOMISABLE,100,100,0,0,NORMAL,240,5.143,,NONE,0,NONE,OFF,NONE,NONE,NONE,RACING,NONE,RACING_SLOTTED,NORMAL,NORMAL,0,CONTROLLER,0,NORMAL,NONE,0,NORMAL,NONE,NONE,NONE,NONE,NONE,NONE,NONE,NONE,NONE,0,FALSE
Ford,Mustang Gr.4,2015,Ford Mustang Gr.4 2015 tech setup,TRUE,632.77,395,6500,51.1,4500,1400,54,46,FALSE,,STANDARD,STANDARD,STANDARD,STANDARD,RH,RH,FULLY_CUSTOMISABLE,60,70,4,6,25,25,35,35,3.3,3.1,3.5,2.4,-0.15,0.15,FULLY_CUSTOMISABLE,0,12,0,24,0,25,NONE,0,100,200,350,FULLY_CUSTOMISABLE,100,100,0,0,NORMAL,250,,,NONE,0,NONE,OFF,NONE,NONE,NONE,RACING,NONE,RACING_SLOTTED,NORMAL,NORMAL,0,CONTROLLER,0,NORMAL,NONE,0,NORMAL,NONE,NONE,NONE,NONE,NONE,NONE,NONE,NONE,NONE,0,FALSE
Genesis,G70 GR_4,2022,Genesis G70 GR_4 2022 tech setup,FALSE,641.19,414,6400,53.7,2500,1400,52,48,FALSE,,STANDARD,STANDARD,STANDARD,STANDARD,RH,RH,FULLY_CUSTOMISABLE,60,70,3,8,25,25,35,35,3.1,3.5,3.2,2,-0.15,0.1,FULLY_CUSTOMISABLE,5,10,10,40,5,20,NORMAL,30,70,200,350,FULLY_CUSTOMISABLE,100,100,0,0,NORMAL,260,,,NONE,0,NORMAL,OFF,NORMAL,NONE,NONE,RACING,NONE,RACING_SLOTTED,NORMAL,NORMAL,0,CONTROLLER,0,NORMAL,NONE,0,NORMAL,NONE,NONE,NONE,NONE,NONE,NONE,NONE,NONE,NONE,0,FALSE
Honda,NSX Gr.4,2017,Honda NSX Gr.4 2017 tech setup,TRUE,644.28,394,6700,44.2,3800,1360,42,58,FALSE,,STANDARD,STANDARD,STANDARD,STANDARD,RH,RH,FULLY_CUSTOMISABLE,60,70,5,4,25,25,35,35,3.2,3.4,3.2,2.6,-0.1,0.22,FULLY_CUSTOMISABLE,0,12,0,22,0,35,NONE,0,100,200,350,FULLY_CUSTOMISABLE,100,100,0,0,NORMAL,240,3.583,,NONE,0,NORMAL,OFF,NORMAL,NONE,NONE,RACING,NONE,RACING_SLOTTED,NORMAL,NORMAL,0,CONTROLLER,0,NORMAL,NONE,0,NORMAL,NONE,NONE,NONE,NONE,NONE,NONE,NONE,NONE,NONE,0,FALSE
Hyundai,ELANTRA N TC,2024,Hyundai ELANTRA N TC 2024 tech setup,FALSE,618.97,350,7000,45.9,3500,1265,59,41,FALSE,,STANDARD,STANDARD,STANDARD,STANDARD,RH,RH,FULLY_CUSTOMISABLE,75,95,3,8,25,25,35,35,3,3.4,3.5,1.5,-0.15,0,FULLY_CUSTOMISABLE,5,0,15,0,5,0,NONE,100,0,200,300,FULLY_CUSTOMISABLE,100,100,0,0,NORMAL,250,3.23,,NONE,0,NORMAL,OFF,NORMAL,NONE,NONE,RACING,NONE,RACING_SLOTTED,NORMAL,NORMAL,0,CONTROLLER,0,NORMAL,NONE,0,NORMAL,NONE,NONE,NONE,NONE,NONE,NONE,NONE,NONE,NONE,0,FALSE
Hyundai,Genesis Gr.4,2013,Hyundai Genesis Gr.4 2013 tech setup,TRUE,627.74,384,7000,41.9,5500,1350,53,47,FALSE,,STANDARD,STANDARD,STANDARD,STANDARD,RH,RH,FULLY_CUSTOMISABLE,60,70,4,6,25,25,35,35,3.2,3.1,3.5,2.4,-0.15,0.15,FULLY_CUSTOMISABLE,0,10,0,22,0,25,NONE,0,100,200,350,FULLY_CUSTOMISABLE,100,100,0,0,NORMAL,250,,,NONE,0,NONE,OFF,NONE,NONE,NONE,RACING,NONE,RACING_SLOTTED,NORMAL,NORMAL,0,CONTROLLER,0,NORMAL,NONE,0,NORMAL,NONE,NONE,NONE,NONE,NONE,NONE,NONE,NONE,NONE,0,FALSE
Jaguar,F-type Gr.4,2014,Jaguar F-type Gr.4 2014 tech setup,TRUE,636.58,399,6500,51.1,3500,1350,52,48,FALSE,,STANDARD,STANDARD,STANDARD,STANDARD,RH,RH,FULLY_CUSTOMISABLE,60,70,4,6,25,25,35,35,3.1,3,3.5,2.4,-0.15,0.15,FULLY_CUSTOMISABLE,0,12,0,24,0,26,NONE,0,100,200,350,FULLY_CUSTOMISABLE,100,100,0,0,NORMAL,250,2.56,,NONE,0,NONE,OFF,NORMAL,NORMAL,NONE,RACING,NONE,RACING_SLOTTED,NORMAL,NORMAL,0,CONTROLLER,0,NORMAL,NONE,0,NORMAL,NONE,NONE,NONE,NONE,NONE,NONE,NONE,NONE,NONE,0,FALSE
Lamborghini,Huracán Gr.4,2015,Lamborghini Huracán Gr.4 2015 tech setup,FALSE,658.59,404,8300,38.4,6500,1365,42,58,FALSE,,STANDARD,STANDARD,STANDARD,STANDARD,RH,RH,FULLY_CUSTOMISABLE,70,75,4,6,25,25,35,35,2.8,3,3,2.5,-0.15,0.2,FULLY_CUSTOMISABLE,5,10,10,25,5,15,NORMAL,30,70,200,350,FULLY_CUSTOMISABLE,100,100,0,0,FULLY_CUSTOMISABLE_RACING,260,4.89,,NONE,0,NONE,OFF,NONE,NONE,NONE,RACING,NONE,RACING_SLOTTED,NORMAL,NORMAL,0,CONTROLLER,0,NORMAL,NONE,0,NORMAL,NONE,NONE,NONE,NONE,NONE,NONE,NONE,NONE,NONE,0,FALSE
Lexus,RC F Gr.4,2014,Lexus RC F Gr.4 2014 tech setup,TRUE,632.21,419,7000,48.1,5000,1400,54,46,FALSE,,STANDARD,STANDARD,STANDARD,STANDARD,RH,RH,FULLY_CUSTOMISABLE,60,70,4,6,25,25,35,35,3.2,3.1,3.5,2.4,-0.15,0.15,FULLY_CUSTOMISABLE,0,12,0,24,0,26,NONE,0,100,200,350,FULLY_CUSTOMISABLE,100,100,0,0,NORMAL,250,0.937,,NONE,0,NONE,OFF,NONE,NONE,NONE,RACING,NONE,RACING_SLOTTED,NORMAL,NORMAL,0,CONTROLLER,0,NORMAL,NONE,0,NORMAL,NONE,NONE,NONE,NONE,NONE,NONE,NONE,NONE,NONE,0,FALSE
Mazda,MAZDA3 Gr.4,2019,Mazda MAZDA3 Gr.4 2019 tech setup,FALSE,636.81,380,7000,44.2,4000,1200,64,36,FALSE,,STANDARD,STANDARD,STANDARD,STANDARD,RH,RH,FULLY_CUSTOMISABLE,75,95,3,8,25,25,35,35,2.9,3.3,3.5,1.5,-0.15,0,FULLY_CUSTOMISABLE,5,0,15,0,5,0,NONE,100,0,200,300,FULLY_CUSTOMISABLE,100,100,0,0,NORMAL,250,,,NONE,0,NORMAL,OFF,NORMAL,NONE,NONE,RACING,NONE,RACING_SLOTTED,NORMAL,NORMAL,0,CONTROLLER,0,NORMAL,NONE,0,NORMAL,NONE,NONE,NONE,NONE,NONE,NONE,NONE,NONE,NONE,0,FALSE
Mazda,Atenza Gr.4,2015,Mazda Atenza Gr.4 2015 tech setup,FALSE,619.3,393,7000,43.7,4500,1380,60,40,FALSE,,STANDARD,STANDARD,STANDARD,STANDARD,RH,RH,FULLY_CUSTOMISABLE,60,70,3,8,25,25,35,35,3.1,3.5,3.2,2,-0.15,0.1,FULLY_CUSTOMISABLE,5,10,10,40,5,20,NORMAL,30,70,200,350,FULLY_CUSTOMISABLE,100,100,0,0,NORMAL,260,4.09,,NONE,0,NORMAL,OFF,NORMAL,NONE,NONE,RACING,NONE,RACING_SLOTTED,NORMAL,NORMAL,0,CONTROLLER,0,NORMAL,NONE,0,NORMAL,NONE,NONE,NONE,NONE,NONE,NONE,NONE,NONE,NONE,0,FALSE
McLaren,650S Gr.4,2014,McLaren 650S Gr.4 2014 tech setup,TRUE,634.86,399,7500,43.1,6000,1300,50,50,FALSE,,STANDARD,STANDARD,STANDARD,STANDARD,RH,RH,FULLY_CUSTOMISABLE,60,70,5,4,25,25,35,35,3.1,3.1,3.2,2.6,-0.1,0.2,FULLY_CUSTOMISABLE,0,10,0,24,0,30,NONE,0,100,200,350,FULLY_CUSTOMISABLE,100,100,0,0,NORMAL,240,3.3,,NONE,0,NORMAL,OFF,NORMAL,NONE,NONE,RACING,NONE,RACING_SLOTTED,NORMAL,NORMAL,0,CONTROLLER,0,NORMAL,NONE,0,NORMAL,NONE,NONE,NONE,NONE,NONE,NONE,NONE,NONE,NONE,0,FALSE
Mitsubishi,Lancer Evolution Final Edition Gr.4,2015,Mitsubishi Lancer Evolution Final Edition Gr.4 2015 tech setup,FALSE,625.15,389,7000,47.2,4000,1330,60,40,FALSE,,STANDARD,STANDARD,STANDARD,STANDARD,RH,RH,FULLY_CUSTOMISABLE,60,70,3,8,25,25,35,35,3,3.4,3.2,2,-0.15,0.1,FULLY_CUSTOMISABLE,5,10,10,40,5,20,NORMAL,30,70,200,350,FULLY_CUSTOMISABLE,100,100,0,0,NORMAL,260,4.687,,NONE,0,NORMAL,OFF,NORMAL,NONE,NONE,RACING,NONE,RACING_SLOTTED,NORMAL,NORMAL,0,CONTROLLER,0,NORMAL,NONE,0,NORMAL,NONE,NONE,NONE,NONE,NONE,NONE,NONE,NONE,NONE,0,FALSE
Nissan,GT-R Gr.4,2017,Nissan GT-R Gr.4 2017 tech setup,FALSE,642.62,428,6500,51,3800,1450,54,46,FALSE,,STANDARD,STANDARD,STANDARD,STANDARD,RH,RH,FULLY_CUSTOMISABLE,60,70,3,8,25,25,35,35,3.2,3.6,3.2,2,-0.15,0.1,FULLY_CUSTOMISABLE,5,10,10,40,5,20,NORMAL,30,70,200,350,FULLY_CUSTOMISABLE,100,100,0,0,NORMAL,260,3.7,,NONE,0,NORMAL,OFF,NORMAL,NONE,NONE,RACING,NONE,RACING_SLOTTED,NORMAL,NORMAL,0,CONTROLLER,0,NORMAL,NONE,0,NORMAL,NONE,NONE,NONE,NONE,NONE,NONE,NONE,NONE,NONE,0,FALSE
Nissan,Silvia spec-R Aero (S15) Touring Car,2002,Nissan Silvia spec-R Aero (S15) Touring Car 2002 tech setup,TRUE,640.61,355,7200,35.8,7200,1000,55,45,FALSE,,STANDARD,STANDARD,STANDARD,STANDARD,RH,RH,FULLY_CUSTOMISABLE,60,70,4,6,25,25,35,35,2.7,2.5,3.5,2.4,-0.15,0.15,FULLY_CUSTOMISABLE,0,8,0,20,0,20,NONE,0,100,200,350,FULLY_CUSTOMISABLE,100,100,0,0,NORMAL,250,,,NONE,0,NORMAL,OFF,NORMAL,NONE,NONE,RACING,NONE,RACING_SLOTTED,NORMAL,NORMAL,0,CONTROLLER,0,NORMAL,NONE,0,NORMAL,NONE,NONE,NONE,NONE,NONE,NONE,NONE,NONE,NONE,0,FALSE
Peugeot,RCZ Gr.4,2015,Peugeot RCZ Gr.4 2015 tech setup,FALSE,621.36,345,7000,40,3000,1225,62,38,FALSE,,STANDARD,STANDARD,STANDARD,STANDARD,RH,RH,FULLY_CUSTOMISABLE,75,95,3,8,25,25,35,35,3,3.4,3.5,1.5,-0.15,0,FULLY_CUSTOMISABLE,5,0,15,0,5,0,NONE,100,0,200,300,FULLY_CUSTOMISABLE,100,100,0,0,NORMAL,250,,,NONE,0,NORMAL,OFF,NORMAL,NONE,NONE,RACING,NONE,RACING_SLOTTED,NORMAL,NORMAL,0,CONTROLLER,0,NORMAL,NONE,0,NORMAL,NONE,NONE,NONE,NONE,NONE,NONE,NONE,NONE,NONE,0,FALSE
Porsche,Cayman GT4 Clubsport,2016,Porsche Cayman GT4 Clubsport 2016 tech setup,TRUE,643.52,379,7500,42.8,5000,1300,46,54,FALSE,,STANDARD,STANDARD,STANDARD,STANDARD,RH,RH,FULLY_CUSTOMISABLE,60,70,5,4,25,25,35,35,3,3.1,3.2,2.6,-0.1,0.2,FULLY_CUSTOMISABLE,0,10,0,22,0,30,NONE,0,100,200,350,FULLY_CUSTOMISABLE,100,100,0,0,NORMAL,240,,,NONE,0,NONE,OFF,NONE,NONE,NONE,RACING,NONE,RACING_SLOTTED,NORMAL,NORMAL,0,CONTROLLER,0,NORMAL,NONE,0,NORMAL,NONE,NONE,NONE,NONE,NONE,NONE,NONE,NONE,NONE,0,FALSE
Renault Sport,Sport Mégane Gr.4,2011,Renault Sport Sport Mégane Gr.4 2011 tech setup,FALSE,642.45,350,6500,46.1,4000,1100,65,35,FALSE,,STANDARD,STANDARD,STANDARD,STANDARD,RH,RH,FULLY_CUSTOMISABLE,75,95,3,8,25,25,35,35,2.7,3.1,3.5,1.5,-0.15,0,FULLY_CUSTOMISABLE,5,0,15,0,5,0,NONE,100,0,200,300,FULLY_CUSTOMISABLE,100,100,0,0,NORMAL,250,,,NONE,0,NORMAL,OFF,NORMAL,NONE,NONE,RACING,NONE,RACING_SLOTTED,NORMAL,NORMAL,0,CONTROLLER,0,NORMAL,NONE,0,NORMAL,NONE,NONE,NONE,NONE,NONE,NONE,NONE,NONE,NONE,0,FALSE
Renault Sport,Sport Mégane Trophy,2011,Renault Sport Sport Mégane Trophy 2011 tech setup,TRUE,656.18,359,7500,39.7,5000,955,48,52,FALSE,,STANDARD,STANDARD,STANDARD,STANDARD,RH,RH,FULLY_CUSTOMISABLE,60,70,5,4,25,25,35,35,2.7,2.8,3.2,2.6,-0.1,0.2,FULLY_CUSTOMISABLE,0,8,0,20,0,30,NONE,0,100,200,350,FULLY_CUSTOMISABLE,100,100,0,0,NORMAL,240,,,NONE,0,NONE,OFF,NONE,NONE,NONE,RACING,NONE,RACING_SLOTTED,NORMAL,NORMAL,0,CONTROLLER,0,NORMAL,NONE,0,NORMAL,NONE,NONE,NONE,NONE,NONE,NONE,NONE,NONE,NONE,0,FALSE
Subaru,WRX Gr.4,2017,Subaru WRX Gr.4 2017 tech setup,FALSE,626.5,377,7000,49,3500,1320,60,40,FALSE,,STANDARD,STANDARD,STANDARD,STANDARD,RH,RH,FULLY_CUSTOMISABLE,60,70,3,8,25,25,35,35,3,3.4,3.2,2,-0.15,0.1,FULLY_CUSTOMISABLE,5,10,10,40,5,20,NORMAL,30,70,200,350,FULLY_CUSTOMISABLE,100,100,0,0,NORMAL,260,3.9,,NONE,0,NORMAL,OFF,NORMAL,NONE,NONE,RACING,NONE,RACING_SLOTTED,NORMAL,NORMAL,0,CONTROLLER,0,NORMAL,NONE,0,NORMAL,NONE,NONE,NONE,NONE,NONE,NONE,NONE,NONE,NONE,0,FALSE
Suzuki,Swift Sport Gr.4,2018,Suzuki Swift Sport Gr.4 2018 tech setup,FALSE,648.19,345,6500,45,4500,900,60,40,FALSE,,STANDARD,STANDARD,STANDARD,STANDARD,RH,RH,FULLY_CUSTOMISABLE,75,95,3,8,25,25,35,35,2.5,2.8,3.5,1.5,-0.15,0,FULLY_CUSTOMISABLE,5,0,15,0,5,0,NONE,100,0,200,300,FULLY_CUSTOMISABLE,100,100,0,0,NORMAL,250,,,NONE,0,NORMAL,OFF,NORMAL,NONE,NONE,RACING,NONE,RACING_SLOTTED,NORMAL,NORMAL,0,CONTROLLER,0,NORMAL,NONE,0,NORMAL,NONE,NONE,NONE,NONE,NONE,NONE,NONE,NONE,NONE,0,FALSE
Toyota,86 Gr.4,2015,Toyota 86 Gr.4 2015 tech setup,TRUE,635.55,358,7000,37.8,6500,1200,55,45,FALSE,,STANDARD,STANDARD,STANDARD,STANDARD,RH,RH,FULLY_CUSTOMISABLE,60,70,4,6,25,25,35,35,2.8,2.6,3.5,2.4,-0.15,0.15,FULLY_CUSTOMISABLE,0,10,0,20,0,22,NONE,0,100,200,350,FULLY_CUSTOMISABLE,100,100,0,0,NORMAL,250,,,NONE,0,NONE,OFF,NONE,NONE,NONE,RACING,NONE,RACING_SLOTTED,NORMAL,NORMAL,0,CONTROLLER,0,NORMAL,NONE,0,NORMAL,NONE,NONE,NONE,NONE,NONE,NONE,NONE,NONE,NONE,0,FALSE
Toyota,GR Supra Race Car,2019,Toyota GR Supra Race Car 2019 tech setup,TRUE,641.68,394,5800,59.9,2500,1380,50,50,FALSE,,STANDARD,STANDARD,STANDARD,STANDARD,RH,RH,FULLY_CUSTOMISABLE,60,70,4,6,25,25,35,35,3.1,3.1,3.5,2.4,-0.15,0.15,FULLY_CUSTOMISABLE,0,10,0,22,0,25,NONE,0,100,200,350,FULLY_CUSTOMISABLE,100,100,0,0,NORMAL,250,3.15,,NONE,0,NORMAL,OFF,NORMAL,NONE,NONE,RACING,NONE,RACING_SLOTTED,NORMAL,NORMAL,0,CONTROLLER,0,NORMAL,NONE,0,NORMAL,NONE,NONE,NONE,NONE,NONE,NONE,NONE,NONE,NONE,0,FALSE
Volkswagen,Scirocco Gr.4,2008,Volkswagen Scirocco Gr.4 2008 tech setup,FALSE,645.23,358,7000,40.3,4000,1050,60,40,FALSE,,STANDARD,STANDARD,STANDARD,STANDARD,RH,RH,FULLY_CUSTOMISABLE,75,95,3,8,25,25,35,35,2.6,3,3.5,1.5,-0.15,0,FULLY_CUSTOMISABLE,5,0,15,0,5,0,NONE,100,0,200,300,FULLY_CUSTOMISABLE,100,100,0,0,NORMAL,250,4.769,,NONE,0,NORMAL,OFF,NORMAL,NONE,NONE,RACING,NONE,RACING_SLOTTED,NORMAL,NORMAL,0,CONTROLLER,0,NORMAL,NONE,0,NORMAL,NONE,NONE,NONE,NONE,NONE,NONE,NONE,NONE,NONE,0,FALSE